Felix Brakus,1-436-829-4247,quincy.fisher@Samsung.com,Samsung
Dr. Wyatt Hilpert,645.092.3874,benny.lehner@LG.com,LG
Simonne Wiza,230-044-5595,louis.monahan@Bauch.com,Bauch
Yoshie Gutmann I,(911) 834-0308,maris.wuckert@Admiral.com,Admiral
Erasmo Towne,100-151-0014,tony.marks@Prosacco.com,Prosacco
Chet Spinka,973-452-7892,ben.jacobi@Whirlpool.com,Whirlpool
Wade Fritsch,488.218.7767,lance.ziemann@Siemens.com,Siemens
Rodney Larson IV,301.618.0828,alisha.parker@LG.com,LG
Cristin Flatley,1-214-174-4185,lavelle.hodkiewicz@Blick_and_Sons.com,Blick and Sons
Colin Heaney,(890) 617-6304,olin.roob@Franke.com,Franke
Owen Walter,085.597.3616,juan.senger@Kassulke_and_Sons.com,Kassulke and Sons
Freddy Ferry,(549) 320-4709,jeromy.kohler@Lynch.com,Lynch
Miss Wilmer Monahan,513.639.1142,anton.kerluke@Runte-Mante.com,Runte-Mante
Jaquelyn Hermann,562-993-4287,eugena.kohler@Dicki-Breitenberg.com,Dicki-Breitenberg
Lourdes McGlynn Sr.,(085) 080-0406,domenic.green@Ernser-Kemmer.com,Ernser-Kemmer
Marquis Leannon,002-622-0432,marceline.parker@LG.com,LG
Suanne Boyer,588.902.9171,florrie.friesen@Ratke-Streich.com,Ratke-Streich
Tyrell Fay Jr.,182-192-1292,dusty.heidenreich@Fagor.com,Fagor
Manuel Kassulke,195.601.6791,carina.lebsack@Schulist_Group.com,Schulist Group
Kenny Weimann,209.830.0326,eddie.gibson@Samsung.com,Samsung
Florencia Jaskolski,1-957-793-0306,wendi.beahan@LG.com,LG
Karren West DVM,880-233-0985,parthenia.connelly@Koss.com,Koss
Delmer Feil Jr.,102-670-1199,donya.trantow@Rath.com,Rath
Nick Ernser,339.365.9435,edmond.kovacek@Whirlpool.com,Whirlpool
Mr. Danilo O'Keefe,378-016-8234,lashawn.jast@Gorczany.com,Gorczany
Isobel Wiza IV,1-219-422-1734,jewel.botsford@Weimann.com,Weimann
Mrs. Tami Jacobson,(132) 053-1291,beatrice.glover@KitchenAid.com,KitchenAid
Olevia Grant,022.358.0643,gil.hammes@Samsung.com,Samsung
Xavier Runolfsson,(379) 068-4800,luigi.runte@Adams_LLC.com,Adams LLC
Alton Russel,633.497.4512,idell.denesik@Bosch.com,Bosch
Ms. Casie Murazik,269.484.2597,neil.hilpert@Braun.com,Braun
Bobby Gutkowski,1-856-331-6928,shala.jast@Jacobson_and_Sons.com,Jacobson and Sons
Augustine Swift MD,(346) 493-9120,rosita.huels@Bergstrom_LLC.com,Bergstrom LLC
Jan D'Amore,687.333.7050,viki.rodriguez@Wunsch.com,Wunsch
Arlen Baumbach,1-938-625-4542,norberto.bergnaum@Ward-Parisian.com,Ward-Parisian
Jeromy Schumm DVM,506-357-2405,laquanda.okon@Johnson_and_Sons.com,Johnson and Sons
Crysta Will Jr.,170-887-4051,claire.cremin@Parker_Group.com,Parker Group
Christi Hoeger,695.129.4479,kisha.adams@Tremblay_and_Sons.com,Tremblay and Sons
Tommie Padberg,424.416.0707,honey.runolfsdottir@Paucek-Flatley.com,Paucek-Flatley
Jaimee Doyle,1-090-368-0565,kaycee.abshire@IKEA.com,IKEA
Art Zemlak,808.563.1432,margit.waelchi@Bosch.com,Bosch
Cassaundra Ledner II,109.038.7259,thad.windler@Franke.com,Franke
Gaston Mosciski,1-850-903-4954,lenard.hoeger@Graham.com,Graham
Clemente Moen,(043) 193-3319,douglas.bins@Bosch.com,Bosch
Miss Abby Fahey,404-668-1995,dann.deckow@Sharp.com,Sharp
Latoria Hahn,807-290-0861,millard.stroman@Whirlpool.com,Whirlpool
Mr. Arla Hodkiewicz,(325) 486-7983,oliver.little@Fagor.com,Fagor
Chet Fay,479.304.7521,rozanne.schulist@KitchenAid.com,KitchenAid
Reynaldo Kunze,699.137.6719,ronald.kub@Shields.com,Shields
Liberty Leannon,917.193.7929,michal.schinner@Aufderhar-Howell.com,Aufderhar-Howell
Jesse Schmidt II,671.873.1061,alexia.legros@Mertz-Crona.com,Mertz-Crona
Cortez Ortiz,1-228-404-6063,evette.hermann@Russel.com,Russel
Jeanett Collier,996.056.8663,garth.lynch@Samsung.com,Samsung
Aleshia Turner,(591) 194-3641,guy.erdman@Franke.com,Franke
Gregorio Hoppe,1-267-654-7379,christopher.rice@Herzog.com,Herzog
Neville Satterfield,771.827.8740,jeramy.murazik@Admiral.com,Admiral
Mrs. Orpha Schroeder,(581) 406-3247,oralee.ritchie@Toy-Dietrich.com,Toy-Dietrich
Joan Lind,1-175-548-1599,jeanmarie.barton@Siemens.com,Siemens
Fatima Weber,1-542-680-1913,mika.hills@D'Amore_Group.com,D'Amore Group
Mrs. Dorthey Schmeler,1-818-584-4268,kenya.reilly@Fagor.com,Fagor
Fanny Miller,835.194.2881,zackary.ward@Yundt.com,Yundt
Eugene Metz,1-177-314-1930,keisha.cole@Samsung.com,Samsung
Rebecka Parker,(625) 644-7398,edison.cremin@Sharp.com,Sharp
Bruna Tremblay,233-437-9945,dan.okeefe@Windler_and_Sons.com,Windler and Sons
Wilhemina Schuster I,(382) 453-1539,carroll.simonis@Sharp.com,Sharp
Alishia Bogan,096.772.8006,booker.armstrong@Windler.com,Windler
Antoinette Yundt I,307-639-7198,adam.zieme@Franke.com,Franke
Ms. Elizabeth Powlowski,908-982-7868,indira.kohler@Schulist.com,Schulist
Mr. Nina Harvey,1-721-753-9619,cleopatra.walter@Hammes-Jacobi.com,Hammes-Jacobi
Nevada Bartell,(736) 890-8353,alleen.schroeder@Gibson.com,Gibson
Luci Murphy Sr.,(006) 249-2222,tad.yundt@Hodkiewicz.com,Hodkiewicz
Sharda Shields,1-484-570-2502,carie.murazik@Maggio-Dooley.com,Maggio-Dooley
Lorine Brown,(262) 465-6446,nikole.kuvalis@Keebler_LLC.com,Keebler LLC
Violet Dibbert,764.151.0933,xochitl.robel@Fagor.com,Fagor
Valery Parker,1-282-633-8957,mui.mccullough@Sharp.com,Sharp
Mrs. Janina Durgan,136-040-8206,phyliss.wiza@IKEA.com,IKEA
Manual Price,688.973.2390,shante.mcdermott@Grant-Stark.com,Grant-Stark
Gayla Littel,146.288.3517,mireya.hoeger@Bosch.com,Bosch
Vincent Raynor,(115) 100-5502,ralph.rohan@Roob_Group.com,Roob Group
Quentin Littel,1-596-820-4853,arlinda.haag@Considine.com,Considine
Kimi Konopelski DVM,(252) 083-0689,pierre.okon@Spencer_Inc.com,Spencer Inc
Mrs. Aurora Conn,(799) 634-5958,rico.kling@Halvorson-West.com,Halvorson-West
Arnulfo Barton,(062) 948-5598,margit.zulauf@Bosch.com,Bosch
Ms. Cami Considine,1-272-927-4789,adela.williamson@Bosch.com,Bosch
Karly Runolfsdottir DDS,011-414-2658,gerry.fay@Sharp.com,Sharp
Mac Feil,591.058.3390,otto.becker@Amana.com,Amana
Carlton Denesik,357.439.5351,meta.stroman@Connelly_Group.com,Connelly Group
Ruthe Blanda,(198) 686-5812,burl.ebert@Donnelly_and_Sons.com,Donnelly and Sons
Mrs. Wan Bartoletti,456-375-3535,weston.runolfsdottir@Aufderhar.com,Aufderhar
Dennis Abbott,054.915.0592,lucius.legros@Bergstrom_LLC.com,Bergstrom LLC
Eloy Johnson,697.329.6301,carletta.kunze@Ritchie_and_Sons.com,Ritchie and Sons
Jenise Sipes,900-369-5026,bertram.ohara@Franke.com,Franke
Lovella Williamson DVM,509-088-4981,nathanael.nolan@Electrolux.com,Electrolux
Lon Cartwright,340.477.5549,edward.bechtelar@Samsung.com,Samsung
Cassi Bailey,1-967-415-2376,inga.dach@Williamson_LLC.com,Williamson LLC
Dr. Twanna Daugherty,204-972-6235,ismael.wilkinson@Sharp.com,Sharp
Dalia Lakin,1-517-116-9747,dick.maggio@Admiral.com,Admiral
Dong Waelchi,1-892-494-8252,jefferey.jacobi@Rath_Group.com,Rath Group
Dr. Kristy Tillman,1-514-865-6655,lidia.mann@Sharp.com,Sharp
Shakita Flatley,1-511-474-2200,cleotilde.tillman@Bosch.com,Bosch
Cary Friesen,1-544-221-2722,carol.huel@Blue_Star.com,Blue Star
Emile Marquardt DDS,1-075-219-2643,ami.wolf@Samsung.com,Samsung
Aimee Konopelski,(506) 234-3395,shantelle.schmitt@Samsung.com,Samsung
Hipolito Kerluke,335.766.0279,ariana.hermiston@LG.com,LG
Jeremiah Wiegand,(749) 750-1083,veronica.russel@Gerhold.com,Gerhold
Nelson Howell,466-808-8349,wynell.cronin@O'Keefe-Hickle.com,O'Keefe-Hickle
Juanita Rodriguez IV,109.528.6376,tobias.wisoky@Steuber_Group.com,Steuber Group
Jonnie Dibbert,1-314-462-6525,sherell.baumbach@Amana.com,Amana
Willian Carroll,(259) 369-8171,elwood.reilly@KitchenAid.com,KitchenAid
Dr. Alina Dickinson,449-469-8261,pa.wolf@Torp.com,Torp
Gerardo Macejkovic,(153) 194-1055,saul.lebsack@Fagor.com,Fagor
Conchita Heaney,477-301-8615,tatum.corkery@Ledner_and_Sons.com,Ledner and Sons
Dr. Vivienne Altenwerth,425-152-1472,huey.hahn@Blue_Star.com,Blue Star
Isa Keebler,115.997.1323,ethan.howell@Bahringer_and_Sons.com,Bahringer and Sons
Monte Hessel,358-650-6860,lucilla.ziemann@Kessler.com,Kessler
Yang Bahringer III,1-801-981-9222,sherrie.nader@Wiza-Block.com,Wiza-Block
Libby Hahn,1-276-644-7548,elvin.lueilwitz@Bosch.com,Bosch
Junie Koepp,(119) 297-8628,stephani.nolan@Vandervort-Goodwin.com,Vandervort-Goodwin
Mittie Kemmer II,600.061.0556,lessie.purdy@IKEA.com,IKEA
Bo O'Connell I,1-397-206-4750,jama.hayes@Blick_Inc.com,Blick Inc
Mr. Tawana Grimes,(358) 572-6464,suzie.satterfield@Mertz-Robel.com,Mertz-Robel
Tarra Luettgen,(778) 420-4448,isiah.welch@Siemens.com,Siemens
Mrs. Rafael Weimann,1-462-869-8061,numbers.rodriguez@Samsung.com,Samsung
Mrs. Tama Jakubowski,605-286-7693,krystina.glover@Sharp.com,Sharp
Lawrence Quitzon,713-250-7403,duncan.bailey@Sharp.com,Sharp
Mrs. Quentin Tillman,696.337.0583,ian.kohler@Samsung.com,Samsung
Miss Kelley Ferry,946.048.9948,darius.hudson@Nitzsche.com,Nitzsche
Dr. Eulah Schaden,(258) 733-8859,vernita.wyman@Kunde-Dooley.com,Kunde-Dooley
Booker Erdman,1-455-700-3035,al.cremin@IKEA.com,IKEA
Omer Hahn MD,1-597-702-9577,caryl.emmerich@Fagor.com,Fagor
Sammy Fahey,1-689-658-2172,marvella.beer@Ratke_Inc.com,Ratke Inc
Houston Swift,1-178-355-4770,donald.doyle@LG.com,LG
Cierra Bauch Jr.,1-846-244-8382,antoine.jast@McGlynn.com,McGlynn
Vance Batz,079-862-9089,rodger.hodkiewicz@Mayert.com,Mayert
Ms. Theresia Mann,1-452-769-2465,ezra.senger@Bosco-Reichert.com,Bosco-Reichert
Hassie Kutch,220.106.3482,kandy.fisher@Electrolux.com,Electrolux
Kiersten Kertzmann,087.599.0938,dillon.olson@Sharp.com,Sharp
Orville Robel,1-011-641-9121,merlene.rutherford@Marvin-Windler.com,Marvin-Windler
Melodie Zieme,078.943.8409,matha.hessel@VonRueden.com,VonRueden
Delmy Ernser,105-150-6190,portia.beier@Hegmann-Koch.com,Hegmann-Koch
Ms. Graham Thompson,579.078.8856,collin.streich@Morissette-Ortiz.com,Morissette-Ortiz
Altha Mayert DVM,(187) 827-9672,edwardo.rippin@Koepp_Group.com,Koepp Group
Dr. Verlene VonRueden,518-166-6846,clark.green@Hettinger-Luettgen.com,Hettinger-Luettgen
Rayna Osinski,1-931-739-2477,man.beer@Whirlpool.com,Whirlpool
Yong Bradtke,(448) 506-0262,gino.rodriguez@Toy_LLC.com,Toy LLC
Altagracia Kemmer,1-537-509-6978,trinidad.rowe@Luettgen_and_Sons.com,Luettgen and Sons
Clarence Parker,(284) 519-0350,iola.goldner@Feest-O'Conner.com,Feest-O'Conner
Wen Pfannerstill,726.450.2537,ludivina.pouros@Greenfelder.com,Greenfelder
Bernard Goyette,(726) 187-2960,mignon.armstrong@KitchenAid.com,KitchenAid
Clark Ernser,1-975-292-2056,josh.predovic@IKEA.com,IKEA
Minh Schinner PhD,256.031.9292,antonio.batz@Ullrich.com,Ullrich
Shelby Bode,1-689-221-6229,suanne.wisoky@Murray-Kerluke.com,Murray-Kerluke
Moshe Nitzsche Jr.,1-183-559-2046,melynda.bergnaum@Fagor.com,Fagor
Shannan Dicki,1-520-621-4282,percy.johnston@Hartmann.com,Hartmann
Ms. Stuart Quitzon,399.081.9400,temeka.trantow@IKEA.com,IKEA
Cristie Langworth,596.336.7136,sage.little@Samsung.com,Samsung
Dr. Billy Marquardt,993.472.8649,al.ortiz@Samsung.com,Samsung
Marylynn Swaniawski III,(656) 582-9010,shirleen.bechtelar@Fagor.com,Fagor
Kristan Schneider,745.061.8714,makeda.schamberger@IKEA.com,IKEA
Lawerence Reynolds,759-176-2342,jenifer.spinka@Conroy.com,Conroy
Ms. Tifany Kertzmann,665-360-8441,amiee.goodwin@Bosch.com,Bosch
Mr. Norbert Schroeder,971-012-7065,boris.herzog@LG.com,LG
Scott Runolfsson,939-756-1645,marcelene.klein@Schiller-Braun.com,Schiller-Braun
Maranda Upton,(462) 426-8722,waldo.stark@McKenzie-Halvorson.com,McKenzie-Halvorson
Miss Karren Wisozk,505.170.9615,mark.zemlak@Sanford.com,Sanford
Jeannie Kihn,365.803.4806,edmundo.medhurst@Bosch.com,Bosch
Hans Kuvalis,557-414-4053,daina.johnson@KitchenAid.com,KitchenAid
Andrew Bayer,038.017.6394,leora.roberts@Pouros_and_Sons.com,Pouros and Sons
Carletta Willms,1-021-987-5534,dorcas.gleason@Electrolux.com,Electrolux
Clarisa Johns,991.099.8575,edythe.schaefer@Haag_LLC.com,Haag LLC
Mrs. Roselia Jacobi,(252) 946-3112,sherwood.gleason@Mueller.com,Mueller
Yvone Walsh,(132) 493-9360,marna.mueller@Beier-Zemlak.com,Beier-Zemlak
Liane Kuhic,(441) 751-5855,andy.monahan@Bosch.com,Bosch
Brendon Bailey,199-995-1272,lazaro.lehner@LG.com,LG
Moses Doyle,757.460.3867,darrin.kshlerin@Admiral.com,Admiral
China Ledner,(521) 363-3609,elbert.feeney@Kutch_Inc.com,Kutch Inc
Luciana Barrows,(049) 662-0263,noe.legros@Blue_Star.com,Blue Star
Edison Miller,724-648-2612,shellie.lebsack@Franke.com,Franke
Tiffiny Mante,133.900.9047,sidney.stoltenberg@Bosch.com,Bosch
Dr. Noah Cronin,237.700.4606,katharyn.huel@Sipes-Larkin.com,Sipes-Larkin
Lavona Collins,(236) 139-7414,sylvester.schowalter@Sharp.com,Sharp
Rolf Roob DDS,426.272.4378,bruna.pouros@Raynor.com,Raynor
Sammie Schuster,873-274-2438,aubrey.lubowitz@Keeling_Group.com,Keeling Group
Franklin Gleichner,1-610-601-4982,helga.gusikowski@Bosch.com,Bosch
Harlan Reichert,1-732-069-2963,arnoldo.mclaughlin@Muller_LLC.com,Muller LLC
Dr. Hershel Hansen,999.054.1162,elke.hirthe@Blick-Erdman.com,Blick-Erdman
Tyrell Witting,1-627-585-0896,taisha.parker@Lehner.com,Lehner
Joelle Wilkinson Sr.,(084) 127-8108,bette.barton@Sharp.com,Sharp
Dr. Ivana Streich,(173) 223-7405,markus.lang@KitchenAid.com,KitchenAid
Melonie Kulas,1-103-942-0440,shelby.hand@Fagor.com,Fagor
Brady Stanton,1-564-290-1102,denis.quitzon@Bosch.com,Bosch
Marquis Kub,457.697.4968,shelby.thiel@Samsung.com,Samsung
Katerine Nolan,098-593-8954,necole.weissnat@Stracke_Inc.com,Stracke Inc
Miss Ilona Gulgowski,014-598-1833,kirk.kerluke@Hills_LLC.com,Hills LLC
Nella Nikolaus,(746) 928-6105,liberty.collins@Lockman-Tillman.com,Lockman-Tillman
Mr. Karyl Daugherty,(597) 951-3305,trenton.funk@Okuneva-Mante.com,Okuneva-Mante
Susanne Gutkowski DVM,(455) 861-0510,goldie.goodwin@Deckow-Schneider.com,Deckow-Schneider
Clair Krajcik,1-900-585-9550,trevor.howe@Hilpert.com,Hilpert
Leighann Sporer,432.571.6876,larissa.hackett@Stracke_and_Sons.com,Stracke and Sons
Taylor Pollich Sr.,(726) 476-1390,andra.jenkins@Samsung.com,Samsung
Jewell Schumm,079.718.4699,rodrick.larson@Erdman-Hermann.com,Erdman-Hermann
Neely Pfeffer,1-246-923-0541,levi.labadie@Fadel-Daniel.com,Fadel-Daniel
Shanelle Hermann Jr.,(252) 473-0655,orlando.powlowski@Fagor.com,Fagor
Carlos Roob PhD,351-451-4473,georgiana.schamberger@Bosch.com,Bosch
Armando Leffler,600.708.3955,lavon.mayert@Franke.com,Franke
Jae Koelpin,(407) 492-7131,caroline.murazik@Lynch.com,Lynch
Ardith Walker Jr.,494.283.2558,isaias.cummings@Homenick-Feil.com,Homenick-Feil
Ms. Joie Zieme,(629) 877-9085,darrell.jones@Fagor.com,Fagor
Merlene Williamson,(065) 718-8947,eilene.kutch@Corwin.com,Corwin
Ms. Wade Lemke,1-745-585-4510,emilio.gislason@Bosch.com,Bosch
Thi Hermann,465-698-6664,glinda.bogisich@Howell.com,Howell
Dr. Rupert Schmeler,670.363.8256,tandy.dubuque@Murazik-Hickle.com,Murazik-Hickle
Shelia Hauck DVM,137-753-3136,donnell.goldner@Blue_Star.com,Blue Star
Colby Orn,389-024-3087,rosina.grimes@Cassin.com,Cassin
Sherry Hackett,027.309.5154,amado.brakus@Amana.com,Amana
Benito Kirlin I,(905) 730-4818,chung.wiegand@Electrolux.com,Electrolux
Gene Kunde,476-971-2341,mariel.larson@Langosh-Cremin.com,Langosh-Cremin
Rickie Witting,657.579.5579,edward.larson@Lemke.com,Lemke
Marlin Crist,(257) 533-0893,steve.pfannerstill@Lubowitz.com,Lubowitz
Doretta Blick,(848) 929-2983,afton.predovic@Sharp.com,Sharp
Jonathan Monahan,(053) 505-9801,terra.weber@IKEA.com,IKEA
Soraya McLaughlin,1-057-272-6599,nathan.sawayn@Armstrong-Corkery.com,Armstrong-Corkery
Emery West,166.474.2809,charlie.mante@Gerhold.com,Gerhold
Dr. Luis Bins,(553) 670-9566,alva.haley@Tremblay_and_Sons.com,Tremblay and Sons
Ronnie Bailey PhD,564.725.2702,kathi.kozey@IKEA.com,IKEA
Consuela Dickens,(418) 303-2722,tommie.gerhold@Whirlpool.com,Whirlpool
Amparo Anderson,1-867-419-9456,shelley.kohler@Hettinger_Inc.com,Hettinger Inc
Minh Schaefer,1-512-266-9843,fletcher.pfeffer@IKEA.com,IKEA
Clinton Cummerata,975-879-4324,nicolas.gerlach@Fagor.com,Fagor
Christopher Johnson,(205) 809-6409,madalyn.dach@KitchenAid.com,KitchenAid
Gertrude Shanahan,957-379-9867,felipe.schinner@Greenholt-McKenzie.com,Greenholt-McKenzie
Aaron Bins,492.131.8292,marylyn.reynolds@Franke.com,Franke
Brooks Hammes,718.414.1905,bertram.prohaska@Schaden.com,Schaden
Jann Howell Sr.,332.430.3079,tracy.corkery@Admiral.com,Admiral
Roy Pfannerstill,203-888-3207,leandro.hudson@Franke.com,Franke
Brittani Pfannerstill DDS,(270) 241-2386,philip.von@Siemens.com,Siemens
Vesta Jacobson,1-090-450-2919,essie.rempel@Hudson-Kerluke.com,Hudson-Kerluke
Dr. Jonathon Schneider,696.707.1513,joan.hill@Walter_LLC.com,Walter LLC
Chieko McLaughlin,(042) 575-8894,trenton.mclaughlin@Fagor.com,Fagor
Caprice Kuhn,1-043-160-0222,shannon.macejkovic@KitchenAid.com,KitchenAid
Nathanial Cronin IV,(292) 953-9326,catherine.franecki@Siemens.com,Siemens
Jacinta Thompson,1-078-181-0401,brigitte.borer@Blue_Star.com,Blue Star
Dr. Jeanine Abbott,(059) 392-1129,robby.kessler@Schowalter_and_Sons.com,Schowalter and Sons
Ervin Hirthe Sr.,(460) 175-7642,royal.hirthe@Mohr-Jerde.com,Mohr-Jerde
Thea Yost,596-608-3532,mitchel.mayert@Blue_Star.com,Blue Star
Miss Moen Sr.,527.238.2363,dixie.dibbert@KitchenAid.com,KitchenAid
Jame Heaney,1-189-324-2861,margit.crona@Breitenberg.com,Breitenberg
Antonia Keebler,1-469-671-3735,fausto.wiegand@Franke.com,Franke
Bryce Hyatt,384-279-1317,collene.kutch@IKEA.com,IKEA
Earl Bauch,(330) 512-1202,andrew.nienow@Thompson_Group.com,Thompson Group
Milton Dickens III,232-227-6721,chae.schowalter@Franke.com,Franke
Trevor Okuneva,1-898-505-4822,faustino.quitzon@LG.com,LG
Eusebia Von,(528) 995-3507,darwin.langworth@O'Keefe_LLC.com,O'Keefe LLC
Louie Buckridge,(073) 341-7064,emmett.nitzsche@Ondricka-Trantow.com,Ondricka-Trantow
Alyson Wintheiser II,1-457-498-1883,mildred.jacobi@Doyle-Tremblay.com,Doyle-Tremblay
Porter Harvey Jr.,599-360-8166,orville.oconnell@Bosch.com,Bosch
Miss Rey Erdman,537.037.9508,valentin.padberg@Okuneva_LLC.com,Okuneva LLC
Moshe Predovic,1-799-963-5191,yon.koss@Casper_Inc.com,Casper Inc
Heath Wilderman,(736) 466-8765,gustavo.moen@KitchenAid.com,KitchenAid
Miss Haywood Buckridge,170-937-8597,arnulfo.mueller@Wuckert.com,Wuckert
Geneva Becker PhD,571-200-6080,madelyn.bahringer@Bosch.com,Bosch
Corine Prohaska,1-395-628-8182,carol.herman@Blue_Star.com,Blue Star
Truman Schmidt Sr.,1-294-087-4447,markus.dickens@Mills-Hand.com,Mills-Hand
Wilbert Dooley DDS,670.414.2689,edison.wolff@Whirlpool.com,Whirlpool
Hank Deckow,1-569-420-5329,katy.veum@Admiral.com,Admiral
Rebekah Jast,(505) 186-3079,ivelisse.ratke@Fagor.com,Fagor
Jillian Bogisich V,1-016-401-1919,tamesha.bahringer@Dooley-Cummings.com,Dooley-Cummings
Mose Ritchie,297-262-9559,michel.barton@Bayer_LLC.com,Bayer LLC
Forest Murphy,496.820.6832,harriet.fisher@Hayes.com,Hayes
Tenesha Glover,(404) 912-6980,wendy.klein@Deckow-Williamson.com,Deckow-Williamson
Joellen Dach,(980) 716-1947,horace.lesch@Pfannerstill_and_Sons.com,Pfannerstill and Sons
Arnoldo Ledner Sr.,(512) 841-9847,noble.stoltenberg@KitchenAid.com,KitchenAid
Kasi Harvey,664-483-9426,tona.sawayn@VonRueden-Dare.com,VonRueden-Dare
Brady Hilpert,469.561.0735,kerry.mueller@Franke.com,Franke
Elizabeth Ledner,417.469.5797,shannan.fadel@Franke.com,Franke
Dr. Griselda Bailey,449.015.4611,kieth.beier@Pollich_Inc.com,Pollich Inc
Anette Trantow,(398) 794-9791,ricky.jacobson@Admiral.com,Admiral
Tracey Nikolaus,1-783-146-2755,rodger.daugherty@Walsh_LLC.com,Walsh LLC
Mr. Socorro Batz,770.994.4640,lino.johnson@Bosch.com,Bosch
Dirk Hoeger,1-317-142-9554,griselda.carter@Blue_Star.com,Blue Star
Angela Larkin,912-365-2204,billy.funk@Schulist_Group.com,Schulist Group
China Welch,1-692-931-4777,marco.rohan@Franke.com,Franke
Angelina Green,657-094-0887,alphonse.quigley@Whirlpool.com,Whirlpool
Hassan Thiel,696.772.3796,carylon.kutch@Blue_Star.com,Blue Star
Daryl Waelchi DDS,991-985-6950,sharell.kub@Sharp.com,Sharp
Tyra Stamm,1-221-827-4093,terence.kreiger@Franke.com,Franke
Eufemia Haley,469-522-5775,cecil.wunsch@Kub.com,Kub
Frank Senger,(030) 221-7567,ramon.hintz@Howell.com,Howell
Ms. Kip Watsica,641.892.2126,williams.orn@Padberg.com,Padberg
Barrett Armstrong,1-505-941-4657,michale.marvin@Siemens.com,Siemens
Miss Dean Monahan,986.144.2483,nathalie.parker@Blue_Star.com,Blue Star
Darline Olson,(349) 484-3474,brant.leannon@LG.com,LG
Miss Kieth Rosenbaum,1-575-036-5060,cole.ferry@IKEA.com,IKEA
Tommye Stanton IV,655-424-6889,daniell.feest@Electrolux.com,Electrolux
Jamel Littel,(500) 796-6319,alice.mayert@Schaden-Morissette.com,Schaden-Morissette
Alphonso Weissnat,(790) 440-5347,herb.emard@Kilback.com,Kilback
Regine Lakin,1-096-970-5650,garfield.davis@Whirlpool.com,Whirlpool
Courtney Hand,(558) 534-1725,vern.mckenzie@Strosin_Inc.com,Strosin Inc
Shante Fritsch V,956.743.2543,evan.cummings@Fagor.com,Fagor
Lauryn Osinski,(444) 910-7935,analisa.hills@Shanahan.com,Shanahan
Domenic Jerde,(552) 135-0279,maranda.green@Blue_Star.com,Blue Star
Georgiann Abbott,1-362-515-3391,bryanna.blanda@Konopelski-Altenwerth.com,Konopelski-Altenwerth
Anitra Metz,(533) 347-4337,seth.gulgowski@Fagor.com,Fagor
Ms. Kristel DuBuque,(615) 796-9452,milagro.ondricka@Renner_Group.com,Renner Group
Kenton Corkery,1-201-780-0926,robbie.jast@Franke.com,Franke
Miss Jc Hudson,1-119-134-9202,dwain.hamill@Bartoletti-Brekke.com,Bartoletti-Brekke
Lynn Koepp,313-889-7094,joe.barrows@Torp-Ratke.com,Torp-Ratke
Tommie Mitchell PhD,345-520-3041,rebbeca.fisher@Welch_and_Sons.com,Welch and Sons
Jere Berge,(914) 800-7494,berry.howell@Amana.com,Amana
Mr. Jorge Wolff,1-500-035-7326,chantell.wyman@Christiansen_Group.com,Christiansen Group
Gregory Farrell,999-513-5380,duncan.bogan@Siemens.com,Siemens
Valentine Pfeffer,257.427.5192,rosamaria.mueller@Sawayn-Jerde.com,Sawayn-Jerde
Mireya Kessler,1-524-089-0903,klara.cummings@Stamm_Group.com,Stamm Group
Josue Hauck,(631) 587-6349,vita.beer@Wyman_Group.com,Wyman Group
Kera Zulauf,(434) 611-3875,lonna.dicki@Bernier.com,Bernier
Edna Quitzon,812.214.1282,marshall.cormier@LG.com,LG
Connie Sauer DVM,(974) 085-3828,richie.herzog@IKEA.com,IKEA
Hung Crooks,(648) 059-9640,roland.mayert@KitchenAid.com,KitchenAid
Val Ortiz,1-438-242-7754,vina.labadie@Sharp.com,Sharp
Ms. Milan Boyer,(706) 818-8683,jennette.willms@Blue_Star.com,Blue Star
Madeleine Skiles,(929) 934-1400,lester.gorczany@Gorczany-Shanahan.com,Gorczany-Shanahan
Edwin Carter,1-319-313-4640,jennette.bayer@Auer-King.com,Auer-King
Tambra Anderson,282-473-4246,jon.hermiston@Samsung.com,Samsung
Adrien Lehner,1-873-897-5751,ken.funk@Admiral.com,Admiral
Manda VonRueden,773-864-9313,basil.smitham@Whirlpool.com,Whirlpool
Oliver Tremblay,1-247-378-5970,wilhemina.streich@Amana.com,Amana
Jazmine Hudson,058-611-3394,wilson.shanahan@Ernser_Inc.com,Ernser Inc
Rupert Dibbert,(896) 266-6725,emmanuel.dach@Whirlpool.com,Whirlpool
Virgen Marvin,629.881.9157,gilberto.rosenbaum@Wunsch.com,Wunsch
Arturo Corwin IV,684-925-8151,quincy.larkin@Bosch.com,Bosch
Abel Powlowski,(839) 947-3025,kirsten.okon@IKEA.com,IKEA
Margy Pouros,750.116.5522,nancy.mayer@Franke.com,Franke
Brant O'Conner I,118.741.9942,hertha.kuhic@Sharp.com,Sharp
Edgar Denesik,(741) 540-7413,latashia.ohara@Doyle_Group.com,Doyle Group
Earle Mayer,159-546-7840,nakisha.leannon@Bergnaum-Corwin.com,Bergnaum-Corwin
Mr. Jacob Langworth,1-345-687-4851,kandra.carter@Franke.com,Franke
Miss Carolynn Kub,870-674-6712,garland.larkin@Cummerata.com,Cummerata
Dr. Roberto Hayes,298.514.7841,berenice.wolf@Amana.com,Amana
Oswaldo Hegmann,1-583-678-9231,ariel.schultz@Sharp.com,Sharp
Ms. Bernie Moen,(519) 558-2915,marquetta.pfeffer@IKEA.com,IKEA
Jina Russel,(395) 616-9016,douglas.ratke@Beahan-Reynolds.com,Beahan-Reynolds
Miss Tula Jacobs,222.550.4945,lemuel.lindgren@Admiral.com,Admiral
Francis Bailey IV,971-690-8110,andrew.marquardt@Fagor.com,Fagor
Kirk Kling,220.679.4107,kamilah.wuckert@Emard.com,Emard
Andrea Murray,495-055-7587,rene.weber@Electrolux.com,Electrolux
Omar Muller Sr.,261-070-2687,gerald.turcotte@Raynor.com,Raynor
Carlton Kohler Jr.,(592) 876-9762,amado.robel@Electrolux.com,Electrolux
Charline Walker IV,580-097-9623,georgeanna.rice@Jaskolski-O'Hara.com,Jaskolski-O'Hara
Darlene Senger,(180) 801-5931,alva.damore@KitchenAid.com,KitchenAid
Jeffrey Bogan,166.232.8699,elbert.bahringer@KitchenAid.com,KitchenAid
Ms. Terrence Koelpin,(912) 446-5623,mitzie.douglas@Grant.com,Grant
Dr. Victor Cremin,211-861-1835,leta.heathcote@Smitham.com,Smitham
Temple Kshlerin,617.871.3234,kenneth.bradtke@Sharp.com,Sharp
Dwana Rohan,1-295-571-9974,pat.windler@Zboncak.com,Zboncak
Rolando Considine,986-042-2692,boris.watsica@Hintz-Hilpert.com,Hintz-Hilpert
Shawn Reilly,058-735-4327,karolyn.grimes@Sharp.com,Sharp
Leonarda Reichert,(575) 836-0796,eveline.hessel@Fagor.com,Fagor
Marlin Rempel,646-519-5966,estefana.morar@Krajcik-Frami.com,Krajcik-Frami
Bradford Casper I,(943) 553-7634,alec.wyman@Hintz_Group.com,Hintz Group
Jeanette Hagenes II,(671) 228-0777,raina.grady@Blue_Star.com,Blue Star
Mrs. Kori Daniel,302.022.5364,randolph.kilback@Fagor.com,Fagor
Valerie Bosco DDS,1-010-825-3607,arden.macgyver@Whirlpool.com,Whirlpool
Sid Bartoletti,606-293-7195,caryl.turcotte@Whirlpool.com,Whirlpool
Juana Krajcik,1-452-128-0708,pierre.daniel@Robel-Howell.com,Robel-Howell
Maryland Ortiz,301-386-5104,kelvin.jones@Siemens.com,Siemens
Audrea Greenfelder,412.612.2965,vance.buckridge@Orn.com,Orn
Lovella Kerluke,993-470-1087,steve.johnson@Runte.com,Runte
Whitley Prohaska,752.904.5836,myrtle.schaefer@Sharp.com,Sharp
Taylor Huels,186-932-2308,elizebeth.jast@Whirlpool.com,Whirlpool
Carmen Jones,1-984-248-9108,krystin.oreilly@Considine_LLC.com,Considine LLC
Pasquale Prohaska,914-966-1916,debbra.shanahan@Schimmel-Hansen.com,Schimmel-Hansen
Emerita Fay,606.587.0678,le.hamill@Admiral.com,Admiral
Leandro Towne IV,396-488-2820,ronald.dickens@Johns_Group.com,Johns Group
Chet Kreiger,288.732.7286,manual.becker@O'Hara.com,O'Hara
Kelsie Stamm DVM,784.951.0123,kary.schoen@Admiral.com,Admiral
Roy Orn PhD,768-934-3757,joseph.abshire@Block-Johnson.com,Block-Johnson
Wilber Willms,763.369.2153,cedric.legros@Konopelski.com,Konopelski
Anne Beahan Jr.,1-116-676-5188,soraya.cruickshank@KitchenAid.com,KitchenAid
Darrin Bergnaum,(115) 773-5102,terrilyn.hahn@Grant.com,Grant
Brenton Olson,020.361.3116,stefan.greenfelder@Kling-Ferry.com,Kling-Ferry
Audrie Feil,668.073.6189,kerri.durgan@Simonis-Mann.com,Simonis-Mann
Enda Strosin,1-654-199-2987,ardelia.crooks@Electrolux.com,Electrolux
Carola Kuhlman,(946) 189-2927,katelynn.king@DuBuque_Inc.com,DuBuque Inc
Chadwick Medhurst,1-256-598-0086,gordon.stark@Blue_Star.com,Blue Star
Alexander Auer,(206) 058-4564,claribel.mertz@Haag-Runolfsdottir.com,Haag-Runolfsdottir
Chet Funk,1-670-498-8781,raymond.bartoletti@O'Kon_LLC.com,O'Kon LLC
Latanya Sauer,331.824.9215,eldon.cremin@White-Jacobs.com,White-Jacobs
Veronica Fadel,(397) 809-2316,racquel.johnston@Bosch.com,Bosch
Mrs. Mckinley Schinner,439-371-4737,carol.vandervort@Amana.com,Amana
Mrs. Steffanie Huels,887-327-7071,deon.altenwerth@Blue_Star.com,Blue Star
Jackie Blanda,698.383.1284,latia.schulist@Ernser_Inc.com,Ernser Inc
Callie Trantow,461.692.0633,gregory.nienow@Blue_Star.com,Blue Star
Eun Heathcote,472-076-5923,alta.kovacek@Kris-Lockman.com,Kris-Lockman
Madalyn Rosenbaum,752.314.5312,jackie.dooley@Hintz-Schmitt.com,Hintz-Schmitt
Livia O'Hara,936.714.9992,will.konopelski@Ernser_LLC.com,Ernser LLC
Anita Prosacco IV,240.024.6782,shaunte.kovacek@Hermann-Greenfelder.com,Hermann-Greenfelder
Gavin Graham MD,387.141.9700,nelson.wuckert@IKEA.com,IKEA
Khadijah Bergstrom,987.688.8986,andera.hudson@Romaguera-Botsford.com,Romaguera-Botsford
Melodie Grimes PhD,533.105.6972,edith.prohaska@Dach-Beatty.com,Dach-Beatty
Alberto Strosin,1-178-606-3832,georgeanna.farrell@Hamill.com,Hamill
Hilton Keebler,1-251-673-3540,mee.shields@Blue_Star.com,Blue Star
Dr. Raymond Walsh,641.633.8506,terra.pollich@Bosch.com,Bosch
Chi Mohr,(819) 853-4123,myesha.bayer@IKEA.com,IKEA
Brock Schneider IV,(768) 745-6198,lupita.schneider@Lakin_LLC.com,Lakin LLC
Tyra Jacobs III,495.163.5331,eldon.stoltenberg@KitchenAid.com,KitchenAid
Josefa Roberts,676-382-3160,dannette.kovacek@KitchenAid.com,KitchenAid
Philip Yundt,068-146-6613,andres.schmitt@Franke.com,Franke
Sallie Altenwerth,(955) 111-8062,lettie.mann@Konopelski_and_Sons.com,Konopelski and Sons
Harvey Barrows,1-813-800-7287,sibyl.harris@Franke.com,Franke
Shirley Greenfelder,128-227-9429,lavern.reinger@Lindgren.com,Lindgren
Toby Turner,(104) 680-4165,alleen.collins@Franke.com,Franke
Mrs. Onie Effertz,(476) 309-0207,marcos.fahey@Admiral.com,Admiral
Ms. Edgardo Cruickshank,793.572.2897,julie.vonrueden@Siemens.com,Siemens
Miss Felix Larson,569.400.7201,miquel.stoltenberg@Sharp.com,Sharp
Yon Ernser,499-792-9503,nelson.sawayn@Amana.com,Amana
Mi Beatty,172-650-8935,suzanne.wyman@Blue_Star.com,Blue Star
Francesco Reichert,1-027-832-1801,walton.cruickshank@Fagor.com,Fagor
Margo Padberg,873-059-7992,ivory.bashirian@Bosch.com,Bosch
Jaunita Bernier,918.554.8607,matthew.gleichner@Beatty_and_Sons.com,Beatty and Sons
Sandy Boyle,(183) 539-1824,julieta.kreiger@Blue_Star.com,Blue Star
Leeanne Schowalter,1-912-673-6703,justin.volkman@Renner.com,Renner
Donella Effertz,(690) 697-9840,josue.ebert@Rolfson_LLC.com,Rolfson LLC
Bruna Streich,086-208-7175,rusty.shields@Mueller.com,Mueller
Wiley Wuckert,886.760.0604,alonso.littel@Veum.com,Veum
Maria Gutkowski,1-834-105-2283,luke.bogan@Admiral.com,Admiral
Allan Gutmann,(816) 921-8499,lorrine.klocko@Daugherty_Inc.com,Daugherty Inc
Deetta Johnston,697.843.4339,tennie.schultz@Kunde_Inc.com,Kunde Inc
Miss Lanny Runolfsson,(018) 195-4859,cory.bechtelar@Admiral.com,Admiral
Shannon Jenkins,782.211.9089,eleonor.parker@Marvin.com,Marvin
Arla Simonis Sr.,1-541-037-7125,thanh.gorczany@McLaughlin-Wilkinson.com,McLaughlin-Wilkinson
Karima Howell,1-576-179-6890,katrina.koelpin@Pouros-Dietrich.com,Pouros-Dietrich
Lashunda Considine,1-482-768-7467,abram.gutkowski@Goyette-Hartmann.com,Goyette-Hartmann
Cleveland Collier,(405) 158-2425,joe.jast@Hessel_and_Sons.com,Hessel and Sons
Drew Grant,1-731-830-9061,phillip.mccullough@Olson-Kilback.com,Olson-Kilback
Felix Reinger PhD,(460) 431-7372,dorcas.dickinson@LG.com,LG
Erica Wiegand,(353) 702-5808,marvin.kessler@Electrolux.com,Electrolux
Sheldon Hauck MD,047.779.3824,vikki.skiles@Franke.com,Franke
Clayton Daniel,(798) 000-0863,retta.ohara@Wuckert-Legros.com,Wuckert-Legros
Keith Wyman,(534) 160-5859,jacklyn.lind@Ernser_LLC.com,Ernser LLC
Miss Argentina Kshlerin,1-857-192-1304,fausto.beier@Franke.com,Franke
Marco Altenwerth II,1-935-138-8235,zulma.lind@Pagac-Bruen.com,Pagac-Bruen
Hoyt Wyman,1-469-869-2364,troy.yundt@Whirlpool.com,Whirlpool
Maryln Kihn,377.374.1198,chris.gulgowski@Sharp.com,Sharp
Jackelyn Gorczany DDS,1-167-010-2873,fred.brown@Cole_Group.com,Cole Group
Liliana Wilkinson,903.699.1965,brain.block@Bartell.com,Bartell
Alison Smith,1-032-842-4381,renato.bode@Tillman_Inc.com,Tillman Inc
Rosanna Rutherford,(743) 516-8667,leonor.schroeder@Franke.com,Franke
Bobbie Russel,(599) 322-3690,gustavo.marvin@Blue_Star.com,Blue Star
Venessa Wilkinson PhD,146-367-7064,bula.goodwin@Swaniawski-White.com,Swaniawski-White
Gwendolyn Hintz,905.900.3965,tawana.pollich@Electrolux.com,Electrolux
Rosendo Lesch,704-112-8146,lenny.shields@Bednar.com,Bednar
Siobhan Langworth,1-905-035-2211,staci.schroeder@Becker-Bins.com,Becker-Bins
Casey Thiel DVM,1-259-566-3516,jerald.douglas@LG.com,LG
Arron Orn,(799) 474-6419,damion.mayert@Rempel-Gerhold.com,Rempel-Gerhold
Cesar Breitenberg,582.963.0307,hubert.ondricka@Cole_and_Sons.com,Cole and Sons
Patria Weber,686.530.9626,winter.haag@Kulas_Group.com,Kulas Group
Debrah Purdy Jr.,534.480.8625,jake.cummings@Parker.com,Parker
Theodore Kessler,843-185-9578,anamaria.dickens@Admiral.com,Admiral
Rosario Schroeder,(840) 135-2264,elvis.turner@Franke.com,Franke
Miss Stuart Bogisich,296-929-0344,mandi.jacobs@IKEA.com,IKEA
Harris Jerde,1-288-308-9353,florencio.terry@Sharp.com,Sharp
Elise Dickinson,1-081-915-7614,alla.altenwerth@Haag_Inc.com,Haag Inc
Ollie Leannon II,(408) 970-7390,jeffrey.bahringer@Morissette.com,Morissette
Melynda Abshire,732-588-9294,ena.howe@Admiral.com,Admiral
Loyd Cormier,123.918.7068,flossie.schimmel@Hansen.com,Hansen
Maria Cole,1-633-141-3661,adan.bogan@Erdman.com,Erdman
Inge Weissnat III,1-688-802-1064,candace.hammes@Whirlpool.com,Whirlpool
Ms. Devin Fisher,582.031.6496,larae.batz@Admiral.com,Admiral
Shakita Kuphal,776-062-3780,elliot.hansen@McKenzie-Mueller.com,McKenzie-Mueller
Shayne Volkman DDS,340-457-2848,reginald.vandervort@Yundt.com,Yundt
Luke Kozey,(059) 511-1948,karine.simonis@Electrolux.com,Electrolux
Trenton Abernathy,530.603.0633,andria.halvorson@Franke.com,Franke
Dr. James Legros,1-156-826-7715,giuseppe.cummerata@Sharp.com,Sharp
Jarrett Nolan,802.325.1852,buford.beahan@Blue_Star.com,Blue Star
Miss Wallace Hayes,796-740-7104,janina.osinski@Roberts.com,Roberts
Lamont McCullough,902-539-4777,lucinda.franecki@Ryan_Inc.com,Ryan Inc
Dr. Pansy Wuckert,877-269-1543,cyril.leannon@Blue_Star.com,Blue Star
Robert Herman,249-251-6757,hilton.smitham@LG.com,LG
Tyrone Smitham,266-002-0256,jamie.hill@Schroeder_Group.com,Schroeder Group
Johnie Legros,545.885.8875,salley.krajcik@Admiral.com,Admiral
Jonathan Schulist,1-628-103-0100,manuel.sanford@Sauer_Group.com,Sauer Group
Dave Yundt,1-769-112-1042,jeanice.kassulke@Whirlpool.com,Whirlpool
Dr. Micah Orn,1-576-275-5548,lanny.hartmann@KitchenAid.com,KitchenAid
Bao Barton Sr.,1-200-928-1481,tyree.stehr@Admiral.com,Admiral
Katherin Ernser,(220) 641-1377,amparo.block@Blue_Star.com,Blue Star
Lucila Kovacek PhD,139.051.4579,blair.nolan@Connelly-Hills.com,Connelly-Hills
Tayna Hills Sr.,259.229.4685,andreas.parisian@Electrolux.com,Electrolux
Elvis Schumm,1-720-117-1172,brittni.bergstrom@Johnson_and_Sons.com,Johnson and Sons
Isiah McCullough,(422) 045-5696,drema.hammes@Blue_Star.com,Blue Star
Ms. Jeromy Herzog,010-627-1887,bradly.pouros@Schimmel.com,Schimmel
Dave Kozey,502.037.2691,miriam.brown@Bergnaum_Group.com,Bergnaum Group
Merry Okuneva,1-451-019-3240,lynna.orn@Block.com,Block
Erick Dickinson,459-244-5147,brett.wolff@Lind_Group.com,Lind Group
Delena Bayer,1-547-411-7747,bradly.davis@Amana.com,Amana
Merlene Wilderman,116.433.0150,genny.hahn@LG.com,LG
Kathryn Hermann II,(554) 393-0303,tracy.rempel@Electrolux.com,Electrolux
Columbus Monahan,992-688-5973,towanda.bahringer@Bosch.com,Bosch
Sydney Towne Jr.,1-677-003-2116,vanna.hintz@Admiral.com,Admiral
Mrs. Kenda Becker,316-275-5184,goldie.swaniawski@Sharp.com,Sharp
Keiko Pfeffer,1-808-668-4940,alejandro.kovacek@Fagor.com,Fagor
Jacob Cole,462-646-4784,magali.farrell@Casper-Bruen.com,Casper-Bruen
Solange Frami,(669) 542-1636,else.harris@Hane.com,Hane
Irwin Lockman,297-826-0645,kia.schneider@Whirlpool.com,Whirlpool
Thomas Boyer,245.506.7475,mathilda.kerluke@Abbott.com,Abbott
Mr. Ermelinda Hermiston,733-309-9314,sol.mosciski@Schaefer-Oberbrunner.com,Schaefer-Oberbrunner
Dave Runolfsson III,182-353-1573,aurelio.hammes@LG.com,LG
Dante Wilderman Sr.,1-549-753-5107,angelita.mitchell@Orn-Gerlach.com,Orn-Gerlach
Marshall Adams,874-698-3327,sherwood.towne@Tillman_Inc.com,Tillman Inc
Mrs. Walter Hahn,931.170.4360,leonardo.braun@Franke.com,Franke
Tami Littel,598-394-0292,alexandria.nicolas@Ullrich_Group.com,Ullrich Group
Estella Sporer,(450) 372-1647,kyle.morar@IKEA.com,IKEA
Latoria Lubowitz,004.800.0185,tish.wuckert@Fagor.com,Fagor
Ms. Elizbeth Huel,226-534-5862,felicia.franecki@Little_and_Sons.com,Little and Sons
Mr. Kendall Kuvalis,(677) 734-5383,sandie.brown@IKEA.com,IKEA
Lera Kovacek,(432) 889-9968,orval.larkin@KitchenAid.com,KitchenAid
Nakita Koch,848.732.5133,celsa.turner@Admiral.com,Admiral
Mrs. Kelly Keebler,1-578-303-4131,johnnie.cole@IKEA.com,IKEA
Lane Schultz,1-202-838-0051,drew.daniel@Torphy.com,Torphy
Dr. Elias Beahan,811.898.3537,travis.emard@Osinski-Cassin.com,Osinski-Cassin
Lashaunda Prohaska,(611) 654-2590,alyse.nikolaus@Zieme-O'Conner.com,Zieme-O'Conner
Odette Kessler,(452) 692-1686,patricia.barrows@Blue_Star.com,Blue Star
Mr. Siobhan Hills,1-255-455-4914,kendall.gorczany@Whirlpool.com,Whirlpool
Waneta Windler,635-690-0580,jerrod.breitenberg@Kilback_LLC.com,Kilback LLC
Lavette Zieme,(813) 223-6573,reyna.wuckert@Sharp.com,Sharp
Kasey Batz,(595) 657-9626,dorian.williamson@Bosch.com,Bosch
Dr. Laure Veum,1-103-272-7676,keenan.emard@Admiral.com,Admiral
Lloyd Abernathy,(157) 971-8121,reuben.flatley@Fagor.com,Fagor
Carmelo Grant,1-814-994-4749,ashley.sporer@Berge-Cremin.com,Berge-Cremin
Mrs. Jerold Barton,1-785-712-3306,renaldo.abernathy@Admiral.com,Admiral
Ginny Kub IV,139-604-6797,abe.smitham@Connelly_and_Sons.com,Connelly and Sons
Mr. Damon Beatty,(971) 129-3798,graig.schaden@Wiza-Keeling.com,Wiza-Keeling
Mose D'Amore,1-140-878-3341,cortez.schamberger@Schroeder.com,Schroeder
Valentin Rutherford III,593.687.2384,sid.kertzmann@Von.com,Von
Mrs. Brandon Schulist,(873) 572-1974,emil.barrows@Franecki.com,Franecki
Colette Reichert I,(749) 718-9838,brent.daniel@Baumbach_LLC.com,Baumbach LLC
Abel Kreiger,112.728.3154,nathan.konopelski@KitchenAid.com,KitchenAid
Johnson Mayert,046.458.6237,winford.dickens@Medhurst.com,Medhurst
Elane Wyman,767.529.9249,rosalinda.schmitt@Gislason_and_Sons.com,Gislason and Sons
Gaylord Brakus,705-740-0925,spring.kling@O'Conner_Group.com,O'Conner Group
Hana Ondricka,703-210-1354,rickie.wiza@Casper.com,Casper
Virginia Mertz,768-387-9857,jordon.cronin@Thompson.com,Thompson
Johnna Wiza,1-560-781-5228,lewis.pouros@Beer-Rowe.com,Beer-Rowe
Alfonso Kessler,715.452.0481,clelia.runolfsson@Electrolux.com,Electrolux
Galen Berge,1-405-248-2465,elanor.dickens@Bayer_LLC.com,Bayer LLC
Missy Bogan,1-546-363-4458,katelyn.medhurst@Admiral.com,Admiral
Alan Botsford Jr.,466.382.7964,elden.hyatt@Wisozk_LLC.com,Wisozk LLC
Glenn Maggio,(772) 361-0044,hisako.cartwright@Abshire-Dickinson.com,Abshire-Dickinson
Gerri Hoeger,156-800-1864,myrle.dickens@Electrolux.com,Electrolux
Denny Pagac,995-355-2241,gregorio.vandervort@Pagac.com,Pagac
Blake Kshlerin,(742) 929-3648,arleen.toy@Ullrich.com,Ullrich
Mr. Leslie Schneider,(120) 720-4418,nicky.wehner@Admiral.com,Admiral
Jasper Klein,804-068-4279,demarcus.tromp@Kemmer.com,Kemmer
Nigel Marquardt,925.296.3147,vania.hills@Sharp.com,Sharp
Robin Beer,150.294.4682,bobbie.wolf@Sharp.com,Sharp
Eleanor Bechtelar,657.770.2284,portia.thompson@Durgan.com,Durgan
Doria Hammes,(558) 120-8373,sergio.feeney@Rosenbaum.com,Rosenbaum
Dario Windler,765-514-3607,jonathan.balistreri@Koelpin-Legros.com,Koelpin-Legros
Ms. Chloe Heathcote,1-932-178-9036,ivory.schroeder@Lindgren_and_Sons.com,Lindgren and Sons
Jermaine Bednar,224-162-6587,sheryll.nicolas@Samsung.com,Samsung
Ambrose Von PhD,1-708-229-4910,neil.kohler@Samsung.com,Samsung
Kiersten Ebert,(725) 376-4895,pedro.wiza@Whirlpool.com,Whirlpool
Edgardo Treutel,1-674-929-3053,carey.haag@Amana.com,Amana
Raymond Koepp,1-064-370-5581,emmy.bins@Hintz-Fritsch.com,Hintz-Fritsch
Theo Bode,(791) 189-8706,norbert.miller@Amana.com,Amana
Anamaria Kub,(482) 142-9332,quinton.wunsch@Hackett-Mante.com,Hackett-Mante
Cathie Considine,251-106-9778,judson.pagac@IKEA.com,IKEA
Otto Huel Jr.,767-430-7990,bruce.daniel@Becker-Wolf.com,Becker-Wolf
Bernardo Brakus Sr.,414-773-3303,mariela.stroman@Jacobi.com,Jacobi
Lura Jaskolski,813-341-6283,reynaldo.heathcote@KitchenAid.com,KitchenAid
Tosha Gusikowski,029.002.6720,euna.wiegand@Rippin_and_Sons.com,Rippin and Sons
Nathanael Morissette,378.614.3915,brian.haag@IKEA.com,IKEA
Janessa Johns MD,1-410-596-6297,erin.torphy@Koelpin_Group.com,Koelpin Group
Filiberto Jakubowski,1-349-030-9460,jazmine.zulauf@Blue_Star.com,Blue Star
Ms. Andria Toy,1-497-378-0002,kent.king@Gutkowski_Inc.com,Gutkowski Inc
Miss Leanna Macejkovic,(616) 184-2643,garland.douglas@LG.com,LG
Adam Stehr,146-809-0265,mariah.zulauf@Pfannerstill_and_Sons.com,Pfannerstill and Sons
Ms. Tony Schinner,(142) 948-9603,octavio.kozey@Streich_and_Sons.com,Streich and Sons
Ms. Byron Little,961.152.7809,alva.kunde@Kuhn-Hansen.com,Kuhn-Hansen
Mr. Sydney Dickens,408.126.5940,ulysses.gorczany@Lynch_and_Sons.com,Lynch and Sons
Rosella McGlynn PhD,154-106-7890,elli.dach@Sharp.com,Sharp
Carmelo Littel,1-598-403-9769,laurence.prohaska@Bosch.com,Bosch
Lilia Gutmann,605-812-3717,tonisha.hyatt@Breitenberg-Tillman.com,Breitenberg-Tillman
Mina Wehner,895-354-9968,georgianna.rempel@Whirlpool.com,Whirlpool
Trinidad Rodriguez,1-955-517-8426,oliver.runolfsson@Whirlpool.com,Whirlpool
Mr. Riley Williamson,738-614-5924,isaiah.crist@Monahan-Metz.com,Monahan-Metz
Helaine Ondricka,1-587-410-4414,gayle.kuhn@Whirlpool.com,Whirlpool
Moises Rolfson,(352) 642-9536,larissa.hilpert@Koss_and_Sons.com,Koss and Sons
Maynard Schinner,(501) 799-3719,numbers.torp@Armstrong-O'Reilly.com,Armstrong-O'Reilly
Willena Schiller,(586) 250-6038,zula.lind@KitchenAid.com,KitchenAid
Fernanda Schoen,(522) 554-6197,lee.mccullough@Kuhn_Inc.com,Kuhn Inc
Davina Dach,1-156-491-4690,raguel.ryan@Weimann.com,Weimann
Josephina Wunsch,1-815-979-4352,isaac.kiehn@Amana.com,Amana
Bradly O'Keefe V,1-547-150-5301,domingo.graham@Jacobi.com,Jacobi
Sharmaine Turcotte,481.608.9553,kristine.fisher@Schumm.com,Schumm
Wade Ankunding,1-723-150-2925,buster.kilback@Adams-Volkman.com,Adams-Volkman
Donovan Gulgowski,1-174-505-2147,lindsay.cummerata@Fritsch_and_Sons.com,Fritsch and Sons
Raphael Ullrich,868-285-0970,bud.brekke@Bode.com,Bode
Clifford Towne,921.297.3490,juliana.wyman@Waters_Inc.com,Waters Inc
Claudine Fahey,630-339-2364,troy.torphy@KitchenAid.com,KitchenAid
Serita Reilly,1-793-931-4419,nenita.feest@Bosch.com,Bosch
Alexia Bosco,1-756-200-0948,rich.kautzer@Amana.com,Amana
Karisa Hermiston,(273) 933-5452,hosea.botsford@Armstrong-Heller.com,Armstrong-Heller
Stan Wisoky,382.185.5045,yvette.lueilwitz@Howell-Murray.com,Howell-Murray
Ms. Lachelle Abernathy,732-097-0230,melynda.mraz@Bednar-Zemlak.com,Bednar-Zemlak
Cristobal Farrell,(724) 401-5088,treena.yundt@Graham-Ruecker.com,Graham-Ruecker
Leonia Huels,(076) 927-2308,herbert.lubowitz@Fagor.com,Fagor
Lavern Leannon,571-209-1532,bernardine.zieme@Murphy_Group.com,Murphy Group
Dr. Lashaunda Robel,502-281-3586,larry.farrell@Bosch.com,Bosch
Janiece Jacobi,1-616-320-8630,earl.pagac@Koch.com,Koch
Verlene Zulauf,265.216.9114,lorelei.schaden@Amana.com,Amana
Cruz Quitzon,(834) 188-9958,bernadette.bartoletti@Goldner.com,Goldner
Delmar Green,1-592-004-4807,dave.farrell@IKEA.com,IKEA
Sherril Ward,151-479-2927,retha.leannon@Boyer_LLC.com,Boyer LLC
Alleen Blick,(423) 491-5423,lala.heaney@LG.com,LG
Barton Howell,018-832-8732,terrance.walker@IKEA.com,IKEA
Miss Melvina Bayer,(718) 544-1110,argentina.prosacco@Bosch.com,Bosch
Felice McClure,(214) 363-2536,quinn.koepp@Leffler.com,Leffler
Vincent Roob,(176) 441-3587,howard.kohler@Langworth-Tillman.com,Langworth-Tillman
Rickie Gislason DDS,(662) 572-0432,ricky.nicolas@Cronin-Johns.com,Cronin-Johns
Fatimah Spinka,394-696-2082,ozell.dickens@KitchenAid.com,KitchenAid
Tarah Kulas,870-107-7354,socorro.lang@Mertz_LLC.com,Mertz LLC
Kyle Kilback,(021) 639-0801,keisha.parisian@Harvey-Moen.com,Harvey-Moen
Bertram Rempel,809.336.3390,kathaleen.bradtke@Amana.com,Amana
Donna Lebsack Sr.,(688) 567-9061,jack.paucek@Wisozk.com,Wisozk
Jame Parisian,(147) 221-5326,nida.predovic@Admiral.com,Admiral
Fidel Jakubowski,740-684-0625,evelynn.huel@LG.com,LG
Miss Ambrose Spencer,033-733-3877,mandi.hodkiewicz@Fagor.com,Fagor
Dr. Giselle Hessel,262-948-0395,jeannetta.kshlerin@Sharp.com,Sharp
Morgan Ward,344-108-4535,avril.larson@Bosch.com,Bosch
Shalanda Kuhic,1-365-559-8196,richie.emmerich@Boyer_Inc.com,Boyer Inc
Steve Rutherford,823.960.0978,tori.gusikowski@Fagor.com,Fagor
Romeo Hudson,(870) 995-0096,nancie.reinger@Beier.com,Beier
Miss Krystal Braun,374.687.5125,rich.hirthe@Fagor.com,Fagor
Lakiesha Runolfsdottir,581.541.8173,cira.weissnat@Spinka_Group.com,Spinka Group
Cheyenne Abshire,774.438.4408,joaquin.okon@McGlynn_Group.com,McGlynn Group
Juliane Kihn,241.066.9810,gabriella.kerluke@Dibbert-Crooks.com,Dibbert-Crooks
Cody Lynch,958-905-9266,kermit.carter@Franke.com,Franke
Zane Rippin,(832) 845-0554,karla.johnston@Schultz.com,Schultz
Boris Jones PhD,948-640-4171,amal.pouros@Electrolux.com,Electrolux
Burl Green,(494) 028-7744,delphine.dare@Orn_Inc.com,Orn Inc
Corina Robel,1-222-870-0298,kendra.weissnat@Admiral.com,Admiral
Ms. Donovan Balistreri,449.307.3537,mikel.considine@Whirlpool.com,Whirlpool
Theron Spinka,173-968-7341,titus.gislason@Electrolux.com,Electrolux
Brice Corkery IV,903-163-3044,latesha.littel@Kunde_Inc.com,Kunde Inc
Garth Glover,620-007-9078,ricky.abbott@Siemens.com,Siemens
Duncan Huels,078-105-4989,tommye.king@MacGyver_Inc.com,MacGyver Inc
Mrs. Toshiko Mosciski,791.014.0066,elijah.reichel@Fagor.com,Fagor
Ms. Jazmine Ledner,046-525-6813,napoleon.denesik@Walker_LLC.com,Walker LLC
Mrs. Jacquetta Kihn,1-480-521-0299,madelaine.gutkowski@Blue_Star.com,Blue Star
Jamey Roob,451.774.4268,antwan.zboncak@Leuschke.com,Leuschke
Bridgette Padberg,(649) 266-8768,everette.collins@KitchenAid.com,KitchenAid
Gretchen Legros II,597-170-1898,justin.schamberger@Will.com,Will
Ms. Art Hoppe,1-948-644-2373,leon.ortiz@Trantow-Haley.com,Trantow-Haley
Carrie Renner,133-212-1749,antonia.brekke@Whirlpool.com,Whirlpool
Miss Hermila Feil,655-525-2999,jeffery.lockman@Amana.com,Amana
Sharika Connelly,505-408-2965,halina.gibson@Block.com,Block
Juliane Hickle III,370-353-1173,jayme.schroeder@Lang.com,Lang
Christiane McGlynn,298.045.7840,robin.mohr@Jast-Bosco.com,Jast-Bosco
Mary Tromp,(146) 997-6748,ute.bayer@Bosch.com,Bosch
Josh Schmitt III,(617) 546-0693,len.littel@Bosch.com,Bosch
Gil Harber,096-651-3481,jonas.gerhold@Amana.com,Amana
Marilou Leffler MD,354-175-5741,dorcas.cruickshank@Admiral.com,Admiral
Abe Dare V,440-178-6595,jake.lynch@Hettinger_Inc.com,Hettinger Inc
Dr. Bryce Rolfson,678.094.8377,pete.koelpin@Electrolux.com,Electrolux
Lucas Shanahan,1-003-108-5161,felton.feil@KitchenAid.com,KitchenAid
Royce Boyle,127-529-3959,margarette.welch@Walsh_Inc.com,Walsh Inc
Nestor Murazik,363-471-9458,samatha.greenfelder@LG.com,LG
Sid Collins,282.368.6288,yuko.ritchie@Franke.com,Franke
Rozella Mitchell Jr.,(041) 574-8577,johnie.quitzon@IKEA.com,IKEA
Scotty Schaden,507.404.9729,kaitlin.barrows@Rice_Group.com,Rice Group
Ali Bode,1-463-506-4682,micah.kozey@Gleichner.com,Gleichner
Calvin Williamson,945-591-2854,bea.parisian@Olson.com,Olson
Marcelo Kirlin,387.346.0712,yahaira.okon@Samsung.com,Samsung
Donovan O'Keefe III,1-066-023-4174,monet.upton@Gusikowski-Armstrong.com,Gusikowski-Armstrong
Jovita Harris,(922) 743-7720,britt.shanahan@Blue_Star.com,Blue Star
Mr. Sandy Oberbrunner,1-739-274-6362,randal.okon@White-Ortiz.com,White-Ortiz
Dennise Padberg,(411) 120-3241,whitley.bins@Blue_Star.com,Blue Star
Florentina Kunze,1-562-971-0864,marth.huel@Cummings-Emard.com,Cummings-Emard
Rhea Bogisich,877-315-8943,lon.hand@LG.com,LG
Carlo Jones,728-808-6558,shawn.turner@Ledner.com,Ledner
Monnie Tromp,563.101.7123,eleanore.ruecker@Berge_Group.com,Berge Group
Leida Hoeger,(011) 020-1322,laurence.farrell@Hilpert_LLC.com,Hilpert LLC
Franklyn Abshire,231.007.9108,luis.grady@Fagor.com,Fagor
Chris Hand,206-749-2982,linette.mcdermott@KitchenAid.com,KitchenAid
Otha Volkman,308.766.6945,sallie.goodwin@LG.com,LG
Mrs. Marilyn Ledner,(441) 731-8603,donnetta.quitzon@Sporer-Huel.com,Sporer-Huel
Mr. Pia Hansen,(459) 852-3225,amparo.thiel@Herzog-Morissette.com,Herzog-Morissette
Mrs. Donovan Hauck,668-494-5111,susann.abshire@Admiral.com,Admiral
Karol Pacocha,388-342-2329,jamaal.mertz@Fagor.com,Fagor
Willetta Champlin,1-663-097-2943,tanya.kessler@Bosch.com,Bosch
Dudley Towne,1-396-035-1706,nakesha.lockman@Fagor.com,Fagor
Marvel Bartell,146.423.2535,nigel.prohaska@Nolan.com,Nolan
Miss Thea Hoppe,1-628-015-7853,oswaldo.kuhn@Siemens.com,Siemens
Miss Rob Emmerich,1-258-257-5824,leandro.stehr@Samsung.com,Samsung
Henry Mraz,1-982-724-1745,brian.macejkovic@Bosch.com,Bosch
Mrs. Rob Batz,(332) 912-0593,isobel.robel@Berge_Inc.com,Berge Inc
Roxanna Wilderman II,(063) 813-1506,loreta.streich@LG.com,LG
Lesley Welch,610-453-0934,sheryll.beatty@Fisher.com,Fisher
Lavonia Beatty DVM,268.385.9985,josefina.blanda@Cole-Beer.com,Cole-Beer
Ms. Zachery West,(776) 817-1817,clemente.russel@Skiles-Torphy.com,Skiles-Torphy
Raul Tremblay,534.220.1994,antony.pfannerstill@Hermiston_Inc.com,Hermiston Inc
Augustine Jenkins,(246) 935-7126,mafalda.kunde@Whirlpool.com,Whirlpool
Merideth Senger,461-096-0115,erin.shields@Rice-Kunze.com,Rice-Kunze
Miss Eduardo Kuhn,(069) 416-0767,royal.donnelly@Spencer_and_Sons.com,Spencer and Sons
Alethia Konopelski,991.339.2255,anton.watsica@Bergstrom-Jacobson.com,Bergstrom-Jacobson
Eloy Ferry I,677.739.6994,hilda.miller@Schroeder-Bergstrom.com,Schroeder-Bergstrom
Kittie Reichel,873-959-8469,deidra.brekke@Blue_Star.com,Blue Star
Christie Nienow,600-760-2513,michel.stoltenberg@IKEA.com,IKEA
Malik VonRueden,444-937-6456,liz.olson@Fagor.com,Fagor
Stewart Tremblay V,(122) 099-2558,goldie.greenfelder@IKEA.com,IKEA
Yen MacGyver,944-088-8111,kirsten.wiza@Beier_and_Sons.com,Beier and Sons
Leana Crist,1-673-038-7700,marcy.gerlach@Auer_Inc.com,Auer Inc
Wilburn Hane,855-016-1126,yelena.hudson@IKEA.com,IKEA
Jared Kunde,293.407.5284,hans.kshlerin@Ziemann.com,Ziemann
Herb Waelchi,005-256-2274,terrence.lueilwitz@Sharp.com,Sharp
Ms. Gail Koelpin,330-050-3077,steven.moore@Moen_Group.com,Moen Group
Anjelica Ziemann,789-205-6156,randall.dickens@Grimes.com,Grimes
Lashay Moore,102-948-7870,geralyn.tillman@Keebler_LLC.com,Keebler LLC
Angele O'Kon,933-426-5949,chang.bauch@Robel.com,Robel
Rosario Ratke,384-620-0926,jake.vonrueden@Simonis_Group.com,Simonis Group
Regena Sporer,425.716.4291,justina.hessel@Dare-Kunze.com,Dare-Kunze
Dr. Rocky Dooley,296.382.7907,audra.dickinson@Mraz-Wintheiser.com,Mraz-Wintheiser
Shante Boyer,500-806-4939,eugenie.hand@IKEA.com,IKEA
Loren Heidenreich Jr.,(737) 542-7539,julian.wisoky@Hansen-Wuckert.com,Hansen-Wuckert
Dr. Nicol Schamberger,(902) 241-1029,mariam.brekke@Heidenreich-Flatley.com,Heidenreich-Flatley
Chere Brekke,(326) 096-7779,rosalind.labadie@Anderson-Hayes.com,Anderson-Hayes
Mr. Inger Bechtelar,1-599-650-7476,salome.nitzsche@Hickle-Powlowski.com,Hickle-Powlowski
Dr. Violette Marquardt,119.725.5905,wes.hauck@Siemens.com,Siemens
Erick Waters,514-520-2852,seymour.marks@Kirlin_LLC.com,Kirlin LLC
Darci Legros,403-878-0453,shauna.koss@Admiral.com,Admiral
Katelyn Ferry Sr.,1-061-685-3382,cassi.hettinger@Kris.com,Kris
Jaunita Wisoky,495-957-9038,gladis.friesen@Fagor.com,Fagor
Marcellus Hills,560.435.3578,alvin.king@Heathcote-Bartell.com,Heathcote-Bartell
Elsy Wintheiser I,593-923-6578,callie.satterfield@Samsung.com,Samsung
Salvador Keeling III,336-285-0231,erika.dibbert@LG.com,LG
Scarlet Lemke,(750) 074-3937,mel.keebler@Lakin.com,Lakin
Miss Dwayne Bernhard,640.288.4857,deandre.cronin@Amana.com,Amana
Mathilda Crist,701.345.1283,mina.schmitt@Feil_LLC.com,Feil LLC
Katharine Moen,435.607.0908,shenna.jacobson@Jones_Inc.com,Jones Inc
Elton Upton Jr.,423.598.2304,dreama.balistreri@Swaniawski_Inc.com,Swaniawski Inc
Margert Johns,643.957.4247,jalisa.douglas@IKEA.com,IKEA
Earlene Lebsack,1-778-898-2845,domingo.streich@Electrolux.com,Electrolux
Zula Hartmann,740-351-1384,nelle.dickens@Electrolux.com,Electrolux
Sean Goyette,(102) 200-8539,tory.wehner@Fagor.com,Fagor
Miss Val Heathcote,068-648-5920,hermina.muller@LG.com,LG
Wiley Roob,354.690.1038,leann.lubowitz@Corkery-Nader.com,Corkery-Nader
Albertina Daugherty,559-662-1068,olinda.gibson@Amana.com,Amana
Reita Labadie,(658) 759-0880,tracy.robel@Siemens.com,Siemens
Blake Leannon,(178) 106-3970,dillon.hills@LG.com,LG
Miss Selina Carroll,997-923-8150,hipolito.grimes@Ledner-Hettinger.com,Ledner-Hettinger
Harvey Von MD,(299) 856-4729,porsche.weber@Nolan_LLC.com,Nolan LLC
Raymundo Goodwin DDS,1-058-985-0548,dan.rutherford@Sharp.com,Sharp
Mrs. Jeff Grimes,707.234.2543,venessa.lueilwitz@KitchenAid.com,KitchenAid
Mr. Chad Dach,144.963.3243,claud.mclaughlin@Dibbert-Hartmann.com,Dibbert-Hartmann
Gaylord Prohaska,1-921-935-2745,stephen.pagac@Franke.com,Franke
Caryn Bechtelar,1-259-593-9688,kevin.padberg@Admiral.com,Admiral
Ted Gibson,336.919.9994,erline.roberts@Kilback.com,Kilback
Mr. Eve Boyer,(174) 556-2600,jody.littel@Kertzmann.com,Kertzmann
Salvador Bechtelar II,(888) 556-9139,cristin.fahey@Cummings.com,Cummings
Mrs. Britni Lockman,1-908-360-6549,brunilda.carter@Sharp.com,Sharp
Laraine Schmeler V,1-029-183-4995,alise.schroeder@Amana.com,Amana
Charles Nicolas,621-560-7498,olevia.jacobs@Nolan_Group.com,Nolan Group
Lorelei McGlynn,387-605-2597,kasey.brakus@Siemens.com,Siemens
Olin Gutkowski,399.743.8516,dion.gerlach@Schultz_Group.com,Schultz Group
Gregorio Kertzmann Sr.,913.793.5093,antoine.marks@Hoeger-Murray.com,Hoeger-Murray
Mrs. Asia Rath,(580) 445-0987,james.herman@Kiehn.com,Kiehn
Davis Littel,231.068.3480,johnny.hirthe@Sharp.com,Sharp
Delpha Muller II,1-496-076-3413,dagny.rau@Electrolux.com,Electrolux
Steven Anderson,579-561-3213,dillon.hessel@Franke.com,Franke
Elliott O'Reilly III,715-652-9529,portia.huels@Amana.com,Amana
Steven Morissette,1-906-218-3511,omer.feest@Jast-Bosco.com,Jast-Bosco
Carley Morar DVM,695-283-7699,joaquin.zieme@Siemens.com,Siemens
Matilda Braun IV,(117) 058-3585,adolfo.halvorson@Feil_LLC.com,Feil LLC
Stanford Marks,405.771.8897,geraldo.gulgowski@Franke.com,Franke
Hannelore Hahn,1-035-568-4509,wilburn.wolff@Gutkowski.com,Gutkowski
Vern Howe,(823) 502-9948,dick.dibbert@Siemens.com,Siemens
Miss Frederica Walter,184-977-6406,ka.cassin@KitchenAid.com,KitchenAid
Eddie Moen,(878) 969-9126,tristan.kilback@Electrolux.com,Electrolux
Santo Barrows,1-857-014-5777,letha.tillman@Ebert-Morissette.com,Ebert-Morissette
Arron Ratke,122.809.3294,genoveva.brown@Admiral.com,Admiral
Michel Pouros,(488) 236-4236,tia.stark@Blue_Star.com,Blue Star
Dr. Franklin Zieme,361-093-5475,kerry.graham@Electrolux.com,Electrolux
Mr. Minh Gleichner,1-632-607-4448,wiley.mcdermott@Schuppe-Lebsack.com,Schuppe-Lebsack
Lowell Barrows,599-950-6250,don.mills@IKEA.com,IKEA
Mrs. Gloria Beatty,075.221.8039,christena.rodriguez@Samsung.com,Samsung
Lance Homenick,(428) 051-7906,art.spinka@Aufderhar.com,Aufderhar
Devorah Mante,681-686-5719,fidel.frami@Samsung.com,Samsung
Garret Yost,737-529-7302,adrian.mitchell@Admiral.com,Admiral
Mose Price DDS,437.125.8711,darnell.robel@Parker.com,Parker
Lupe Grimes,413-725-5476,malisa.graham@Treutel-Ward.com,Treutel-Ward
Ruby Lockman,(973) 386-0101,neomi.hessel@KitchenAid.com,KitchenAid
Eddie Kuphal,1-901-496-8655,arlie.bradtke@Miller.com,Miller
Veronika Schiller,1-902-597-5285,francisco.turcotte@Franke.com,Franke
Gil Williamson,1-986-353-0390,maile.maggio@Wehner-Johns.com,Wehner-Johns
Tameka Purdy,882-523-2852,hillary.weber@Amana.com,Amana
Sharolyn Durgan,979-096-5568,clair.bogisich@Samsung.com,Samsung
Rufus Glover,050.648.6453,kermit.feil@IKEA.com,IKEA
Miki Beatty,903.007.9145,carmen.gulgowski@Jacobs-Schimmel.com,Jacobs-Schimmel
Jonah Price,032-644-9761,lavonia.lubowitz@Admiral.com,Admiral
Dr. Mara Gerhold,247-711-0460,rufina.aufderhar@Franke.com,Franke
Shizuko Beier,234.302.6014,devon.hyatt@Fagor.com,Fagor
Arthur Will II,1-124-859-8947,monnie.haag@Admiral.com,Admiral
Caryl Prosacco,717.633.1010,simon.bode@Blue_Star.com,Blue Star
Gordon Breitenberg,757.177.9913,karina.beahan@Marquardt.com,Marquardt
Elia Carter,(305) 901-8630,phyllis.okuneva@Electrolux.com,Electrolux
Ginette Cronin,(652) 734-8367,catharine.hoppe@Fagor.com,Fagor
Etha Leuschke,993.443.3762,sonya.kshlerin@Samsung.com,Samsung
Dirk Spencer,965.283.5730,ladawn.hartmann@Carter-Larson.com,Carter-Larson
Elisha Spencer II,939-688-7239,agatha.bechtelar@Whirlpool.com,Whirlpool
Keneth Harber Sr.,1-173-410-4229,aline.gleichner@Franke.com,Franke
Meg Dooley,(690) 477-0285,sun.ratke@IKEA.com,IKEA
Denny Sporer,1-679-407-2654,denver.hoeger@Admiral.com,Admiral
Jann Cremin,679-086-4691,magdalena.balistreri@Blue_Star.com,Blue Star
Antonia Bogan III,711.513.1923,venita.moen@Hettinger.com,Hettinger
Lorilee Wehner,567.924.5512,homer.powlowski@Samsung.com,Samsung
Benita Ernser,1-428-484-4834,steven.predovic@Fagor.com,Fagor
Elizebeth Upton,(649) 367-0186,jospeh.halvorson@Admiral.com,Admiral
Kurt Lakin,249-149-2118,rosemary.gusikowski@Cormier-Ritchie.com,Cormier-Ritchie
Henrietta Ferry,(265) 319-6498,willie.moen@Bogisich-Rosenbaum.com,Bogisich-Rosenbaum
Elmer Hudson IV,(588) 943-0902,sherryl.kihn@Fagor.com,Fagor
Jared Leuschke,(934) 126-2495,oralee.heller@Sharp.com,Sharp
Manie Jaskolski,1-742-333-1824,jewel.towne@Denesik.com,Denesik
Paige Roob,565.889.7212,rolando.mann@Gislason_and_Sons.com,Gislason and Sons
Loria Mitchell,073.300.3853,bridget.bauch@LG.com,LG
Mr. Kellee Streich,769.360.3021,librada.parker@IKEA.com,IKEA
Shelby Bode,1-780-295-4940,todd.mayert@Pouros_LLC.com,Pouros LLC
Osvaldo Smith DDS,(176) 287-3967,melvin.deckow@Quigley.com,Quigley
Regan Reynolds II,075-879-1059,valentin.heller@Daugherty_Group.com,Daugherty Group
Obdulia Padberg,(298) 624-9957,phebe.mertz@Luettgen-Rolfson.com,Luettgen-Rolfson
Barry Bailey IV,483-559-6157,charisse.dicki@Siemens.com,Siemens
Clifford Dach,1-731-142-5736,charles.dare@Langworth-Corwin.com,Langworth-Corwin
Merissa Bosco,661-623-5545,domingo.koss@Howell-Johns.com,Howell-Johns
Dr. Jerrie Morar,(377) 020-6567,rosemarie.pfannerstill@Jones-Kunze.com,Jones-Kunze
Darrell Treutel,111-055-4763,chet.friesen@Whirlpool.com,Whirlpool
Desiree Ryan,582-612-5630,lorretta.barton@Runolfsdottir.com,Runolfsdottir
Irving Friesen,1-353-141-7079,cordell.wilkinson@Siemens.com,Siemens
Cedric Dooley,1-242-705-1826,dominique.corwin@Dickens_Inc.com,Dickens Inc
Asha Funk,1-695-472-0543,ethelyn.kutch@Bosco-Kuvalis.com,Bosco-Kuvalis
Carmen Reinger,663.780.1082,paula.mitchell@Zemlak.com,Zemlak
Rene Hintz,1-404-438-7426,omar.dooley@Feeney-Vandervort.com,Feeney-Vandervort
Gerry Durgan,1-370-247-9372,dewey.lueilwitz@Dietrich_Group.com,Dietrich Group
Camila Bradtke I,863.347.5589,clyde.howell@Beatty_Inc.com,Beatty Inc
Angel Pfeffer,(298) 996-3569,berry.bahringer@VonRueden.com,VonRueden
Bruna Denesik,1-660-365-4510,mardell.nader@Gerhold_Group.com,Gerhold Group
Un Jast,584.491.1615,norman.harber@Samsung.com,Samsung
Ms. Star Romaguera,498.581.8304,jerilyn.mayert@Emard.com,Emard
Nicki Ratke V,(219) 466-9023,dirk.nikolaus@Siemens.com,Siemens
Tiffany Waters,209-728-5572,orville.weissnat@IKEA.com,IKEA
Barb Gleason,(612) 178-1266,rosario.tillman@McKenzie.com,McKenzie
Jewel McKenzie,1-517-411-5748,sunday.crist@Samsung.com,Samsung
Irving Maggio,814.045.3590,deshawn.harris@Rippin.com,Rippin
Temika Doyle,598.255.9186,gabriel.kerluke@Prohaska-Macejkovic.com,Prohaska-Macejkovic
Emil Rosenbaum IV,902-797-0656,sarina.braun@Blue_Star.com,Blue Star
Toney Stoltenberg,307-924-0365,walton.lemke@Amana.com,Amana
Cory Gerhold,365.309.0096,shiela.hahn@Samsung.com,Samsung
Dusti Streich I,1-809-563-3884,angelo.bode@Shanahan_LLC.com,Shanahan LLC
Booker Schowalter,320-840-3102,austin.nitzsche@Siemens.com,Siemens
Jesusita Moore,1-443-402-2044,georgie.funk@Sharp.com,Sharp
Alexis Wunsch,(012) 998-3852,janae.willms@IKEA.com,IKEA
Marcel O'Reilly,326.622.6236,buena.klocko@Samsung.com,Samsung
Ouida Pfannerstill I,1-833-463-3884,gerard.labadie@Altenwerth.com,Altenwerth
Mrs. Ami Von,964.202.5405,crista.luettgen@Jaskolski-Carter.com,Jaskolski-Carter
Shakia Gorczany,1-516-692-8141,donnetta.kerluke@Upton.com,Upton
Carter Blick,781-326-8001,ilona.bailey@Turcotte_LLC.com,Turcotte LLC
Loyd Terry,593-156-6649,fernanda.russel@Amana.com,Amana
Orval Rogahn II,(407) 986-1045,shaun.lebsack@Kub-Schaefer.com,Kub-Schaefer
Arthur Jaskolski,688.013.9942,sana.gulgowski@Grant-Bayer.com,Grant-Bayer
Mr. Josephina Spencer,1-649-459-0161,irene.bashirian@Schuster-Bogisich.com,Schuster-Bogisich
Deadra Kessler,345.141.9658,jamey.auer@Amana.com,Amana
Homer Rohan,404.009.9155,jackqueline.keeling@Franke.com,Franke
Marlo McGlynn,1-779-476-0881,april.oberbrunner@LG.com,LG
Janeth Brown,331-912-9476,woodrow.howe@LG.com,LG
Mr. Malinda Rath,592.199.6077,elana.considine@Bosch.com,Bosch
Jerold Keeling,775.367.0163,raylene.jerde@Fagor.com,Fagor
Leigh Cruickshank,(324) 462-6970,jamika.dietrich@Gusikowski-Effertz.com,Gusikowski-Effertz
Jewel Jenkins DDS,786.127.9038,yajaira.kirlin@Sharp.com,Sharp
Arielle Steuber,898.965.4609,jeanelle.wiegand@Wolff-Funk.com,Wolff-Funk
Russel Morar,1-649-089-0712,chong.jerde@Runte_Group.com,Runte Group
Deandre Wiegand,939-575-5757,clarine.kub@Ratke-Bahringer.com,Ratke-Bahringer
Jerrie Gerhold V,(991) 220-8939,lory.rolfson@Samsung.com,Samsung
Corrina Gibson,1-498-815-7760,lesley.greenholt@Hills_Group.com,Hills Group
Gaylord Jakubowski,952.784.1594,artie.fay@Lockman_LLC.com,Lockman LLC
Ms. Arden Bins,905-490-8507,vanetta.hartmann@Feeney-Koch.com,Feeney-Koch
Mrs. Graig Spinka,604-739-2924,jere.langworth@LG.com,LG
Kasey Rempel,924.664.6993,dusty.wolff@Admiral.com,Admiral
Kami Upton IV,1-159-342-2334,antoinette.muller@Blue_Star.com,Blue Star
Pearlene Johnson IV,(094) 290-5476,ralph.feest@Quigley.com,Quigley
Stanford McDermott,628-497-6563,romaine.beahan@Siemens.com,Siemens
Harlan Auer,1-259-439-2768,leonore.padberg@Amana.com,Amana
Annett Strosin,(298) 556-0833,art.crooks@Turcotte.com,Turcotte
Francesco D'Amore,320-898-8889,britt.legros@Mraz_LLC.com,Mraz LLC
Marcel Schuppe,667.421.5921,harlan.robel@Considine-Lehner.com,Considine-Lehner
Reinaldo Gottlieb,(657) 084-8927,lacie.bechtelar@Crooks.com,Crooks
Mr. Vikki Mann,(075) 549-9693,noel.monahan@Blue_Star.com,Blue Star
Marlon Stoltenberg II,(552) 269-1003,bo.welch@Murazik.com,Murazik
Arthur Schinner,139-395-4779,wilhemina.haag@Admiral.com,Admiral
Ms. Thurman Cormier,1-838-291-0635,rod.heathcote@Samsung.com,Samsung
Solomon O'Hara,(032) 122-5265,alphonso.cassin@Bosch.com,Bosch
Giovanna Koss,213.516.9581,sherlene.gerlach@Blue_Star.com,Blue Star
Ila Jacobi,812-908-2529,tanesha.hauck@Whirlpool.com,Whirlpool
Mrs. Angelique Kessler,788.674.0454,reena.cummings@Abshire_and_Sons.com,Abshire and Sons
Eleonore Murray,1-893-207-1133,roman.waters@Amana.com,Amana
Sigrid Smith,(727) 152-3750,kelvin.buckridge@Schroeder.com,Schroeder
Joycelyn Graham II,248.419.9317,lloyd.willms@Admiral.com,Admiral
Luigi Abbott,494-916-7100,vaughn.marks@Balistreri.com,Balistreri
Kathe Johnson,1-707-204-1489,octavio.bechtelar@Dietrich-Braun.com,Dietrich-Braun
Jake Padberg,681-581-4886,timothy.ondricka@Bernhard-Cruickshank.com,Bernhard-Cruickshank
Zoraida Hessel,289-539-6616,haywood.rath@Siemens.com,Siemens
Filiberto Lebsack III,1-569-659-3246,jonathan.cartwright@LG.com,LG
Basil Jones PhD,(713) 777-9754,wallace.adams@Ernser_LLC.com,Ernser LLC
Jay Koss DDS,008.488.8563,ellyn.jerde@Samsung.com,Samsung
Voncile Powlowski,074-088-1287,birgit.pollich@Medhurst-Torphy.com,Medhurst-Torphy
Brett Reinger,975.110.6366,herlinda.farrell@Swaniawski_and_Sons.com,Swaniawski and Sons
Edmund Effertz,(869) 452-5633,pok.feest@Hills.com,Hills
Kimberley Hills IV,1-392-254-2072,robert.greenfelder@Wunsch_and_Sons.com,Wunsch and Sons
Jessie Conn DVM,870-467-2473,patrick.quigley@Whirlpool.com,Whirlpool
Anibal Murray IV,1-653-752-9224,dale.rath@IKEA.com,IKEA
Catherine Christiansen,1-847-279-9699,julius.kuhn@Predovic.com,Predovic
Alesha Altenwerth,145.968.4197,amado.williamson@Thompson.com,Thompson
Dr. Reta Leannon,428.351.5061,risa.mills@Siemens.com,Siemens
Miss Nathan Corkery,(861) 067-3436,kenny.shanahan@Blue_Star.com,Blue Star
Georgetta Rodriguez,1-718-257-8522,shelby.ullrich@Bosch.com,Bosch
Gary Farrell,1-866-626-9883,lakenya.okuneva@Hyatt_and_Sons.com,Hyatt and Sons
Georgie Rosenbaum,677.145.6551,francina.langosh@Ortiz.com,Ortiz
Johnna Baumbach,1-609-672-2178,stevie.lueilwitz@Sharp.com,Sharp
Renee Bashirian,(884) 931-3201,elane.balistreri@Sporer.com,Sporer
Miss Benito Bahringer,1-709-358-7325,joanie.hansen@Electrolux.com,Electrolux
Shawnta Howell Sr.,033-506-2663,gertrud.lubowitz@Halvorson_and_Sons.com,Halvorson and Sons
Mr. Wallace Ziemann,148-674-7409,annette.orn@Rohan_Inc.com,Rohan Inc
Coleman Heidenreich DDS,761-129-6106,jame.stroman@KitchenAid.com,KitchenAid
Haywood Stark Sr.,1-468-744-8503,zoila.farrell@Schinner-Lynch.com,Schinner-Lynch
America Friesen,090-647-0566,terrance.damore@Electrolux.com,Electrolux
Ms. Farah Abbott,(243) 637-7583,hassan.shields@Russel_LLC.com,Russel LLC
Titus Howe,890.699.9047,sana.sanford@Blue_Star.com,Blue Star
Delmer Rogahn,(857) 804-2046,ronny.prohaska@Lehner-Gislason.com,Lehner-Gislason
Maxine Boehm Sr.,(531) 777-9281,freddie.grimes@Samsung.com,Samsung
Ilene Von,867-184-8614,glenn.mueller@Kerluke.com,Kerluke
Ethan Klocko,014.936.6064,damon.abshire@Siemens.com,Siemens
Lenita Raynor,(258) 691-2593,dahlia.yost@Mills_and_Sons.com,Mills and Sons
Alyssa Kris Jr.,(060) 283-1331,norman.ohara@Lind.com,Lind
Rebecka Huel,039-803-5214,mauricio.white@Franke.com,Franke
Shirley Gulgowski,467-635-3801,bryant.kshlerin@Gorczany.com,Gorczany
Mrs. Renaldo Bruen,1-930-287-1777,bok.yundt@Cremin.com,Cremin
Kyla Hyatt II,(614) 726-8145,laci.mayer@McKenzie_Group.com,McKenzie Group
Justin Little,416-193-6108,lesli.robel@Prosacco-Ondricka.com,Prosacco-Ondricka
Rhona Gaylord,979-171-0209,masako.conroy@Siemens.com,Siemens
Edmundo Emmerich,1-911-424-8565,clark.gorczany@Bosch.com,Bosch
Ernie Thiel,447-099-8119,hulda.wuckert@Corwin.com,Corwin
Mariah Goldner,(715) 472-9731,evette.thiel@Jenkins_Inc.com,Jenkins Inc
Augustine Bogan,(569) 414-7726,marhta.quigley@Hauck-Welch.com,Hauck-Welch
Hipolito Kirlin,105.224.9256,julianne.keeling@Samsung.com,Samsung
Ami Effertz,1-948-526-3136,jenny.dickens@Siemens.com,Siemens
Quinton Hane,1-515-342-5161,numbers.batz@Murphy-Legros.com,Murphy-Legros
Ms. Brendan Hand,(977) 352-6215,florine.bauch@Samsung.com,Samsung
Glen Dibbert,726.211.0830,deshawn.lind@Douglas-Funk.com,Douglas-Funk
Joe Barton,771.356.8217,nakia.schoen@Yost.com,Yost
Ollie Koepp,1-289-333-3024,ruben.runte@O'Keefe.com,O'Keefe
Anh Lemke,(376) 800-9256,albert.nader@Champlin.com,Champlin
Annalee Stoltenberg,1-161-999-0668,rosena.mclaughlin@Siemens.com,Siemens
Jacalyn Thompson,409.519.8056,carisa.murphy@Johnson-Shanahan.com,Johnson-Shanahan
Mr. Lue Tromp,519-099-1710,shantay.bernhard@Barrows-Towne.com,Barrows-Towne
Alyson Von,(446) 721-4177,freddy.rosenbaum@Sharp.com,Sharp
Curt Abernathy,149.637.3107,sherwood.harris@Admiral.com,Admiral
Stephane Medhurst,841.857.9402,junior.mills@KitchenAid.com,KitchenAid
Teodoro White,480.584.0389,margarito.crist@Schinner.com,Schinner
Pamela Kuhlman,(314) 288-7907,launa.roob@Sawayn-Muller.com,Sawayn-Muller
Suzi Botsford,(173) 741-0831,leonel.daniel@Bergnaum_Inc.com,Bergnaum Inc
Wallace Gorczany,792.342.2894,tari.sawayn@Stokes.com,Stokes
Sean Rowe III,(894) 312-3673,madonna.cronin@Amana.com,Amana
Crissy Feeney,979.308.0928,irwin.ryan@Pfeffer-Veum.com,Pfeffer-Veum
Mrs. Otis Koelpin,(580) 009-2379,nicky.carter@Siemens.com,Siemens
Ms. Bea Sipes,097.312.0022,cristal.ullrich@Bosch.com,Bosch
Ms. Tyler Mayer,093.237.5233,bibi.erdman@O'Kon_Group.com,O'Kon Group
Elvis Hoppe,943.802.0251,han.connelly@Bernier.com,Bernier
Georgene Kuvalis,1-541-631-1924,gwyneth.heidenreich@LG.com,LG
Numbers Hagenes,672-194-2024,venita.zemlak@Purdy_and_Sons.com,Purdy and Sons
Florencio Hyatt,(563) 968-7918,marcus.cronin@Bosch.com,Bosch
Vania Ortiz,891.390.0269,alonso.gutmann@Blue_Star.com,Blue Star
Charla Zemlak,1-958-598-9026,anna.legros@Schulist.com,Schulist
Hunter Greenfelder,1-529-438-9290,joeann.okon@Amana.com,Amana
Marcy Herzog DVM,715.762.5736,anton.rowe@O'Kon.com,O'Kon
Kati Zemlak,(815) 748-0135,rodolfo.dibbert@Blue_Star.com,Blue Star
Mrs. Ashly Von,453.326.2789,gabrielle.mosciski@LG.com,LG
Alene Toy,131.552.7935,analisa.yundt@LG.com,LG
Edris Willms,(679) 384-6154,noriko.upton@Franke.com,Franke
Ola Rippin DVM,(002) 222-5341,lanita.bogan@D'Amore-Spinka.com,D'Amore-Spinka
Mrs. Jeanmarie Connelly,1-176-487-4216,merlin.smith@IKEA.com,IKEA
Caren Powlowski,(568) 384-8574,leia.lueilwitz@KitchenAid.com,KitchenAid
Malena Gislason,318.398.3627,candelaria.conroy@Franke.com,Franke
Ms. Jude Shanahan,936.660.4592,rolland.marquardt@Bosch.com,Bosch
Kieth Lehner,686.341.7563,whitney.cronin@KitchenAid.com,KitchenAid
Moises Dooley,775-282-3174,mariano.ferry@Fagor.com,Fagor
Josef Crist I,371-124-9112,erik.mertz@Franke.com,Franke
Steve Witting,580.314.7641,sean.pfeffer@KitchenAid.com,KitchenAid
Kenneth Cummings,723.752.0911,ruthie.tremblay@Tillman-Howe.com,Tillman-Howe
Tiffaney Bruen,027-105-6205,bianca.stamm@Sharp.com,Sharp
Amado Kirlin,141-170-6670,camellia.tremblay@Jakubowski-Bahringer.com,Jakubowski-Bahringer
Miss Nan Gutmann,262-812-4838,mickey.bartell@LG.com,LG
Truman Auer,644.232.9327,francesco.deckow@Franke.com,Franke
Janelle Spencer,(488) 577-4477,dino.mertz@Whirlpool.com,Whirlpool
