Danika Greenfelder,(062)365-2239,cyndi.herman@Ratke.com,Ratke
Joan Cremin,1-756-733-0705,bryant.zemlak@Nike.com,Nike
Brendon Pfeffer DDS,1-790-547-5427,luciano.blick@Hettinger.com,Hettinger
Signe Shanahan,451-194-0574,lynetta.jakubowski@Nike.com,Nike
Lino Friesen,1-016-798-1419,antoine.conn@Osinski.com,Osinski
Dr. Donnell Oberbrunner,340-448-5987,maria.waelchi@Beats.com,Beats
Ms. Valentine MacGyver,1-693-633-9365,hsiu.farrell@Apple.com,Apple
Mozella Fisher,1-586-880-7571,marine.mcdermott@Dell.com,Dell
Travis Mueller,(669)155-9952,stewart.hintz@Bode-Becker.com,Bode-Becker
Earnest Haag,444-323-7250,blanch.wintheiser@Schowalter_Group.com,Schowalter Group
Mrs. Jamal Sanford,1-662-854-2370,ariel.hammes@Franecki.com,Franecki
Earnest Champlin,424-824-3352,markus.zieme@Gusikowski-Dooley.com,Gusikowski-Dooley
Duncan Nader,1-977-943-3072,denisha.feest@Adidas.com,Adidas
Daren McDermott,759.646.6672,flor.barton@Beats.com,Beats
Melinda Stark,1-649-370-5634,audrea.hansen@Rowe_LLC.com,Rowe LLC
Mr. Kerri Kulas,(432)985-0269,mafalda.corkery@LG.com,LG
Justin Fay,494-490-1916,jonathon.lind@Nikon.com,Nikon
Bernetta Simonis PhD,1-077-714-8664,numbers.kiehn@MacGyver_Inc.com,MacGyver Inc
Leonor Treutel,709-387-4546,arnita.blick@Gerlach-Mayert.com,Gerlach-Mayert
Octavio Bailey,243-200-4103,dessie.pagac@Nader_Inc.com,Nader Inc
Thresa Boyle,(171)077-7673,franklyn.nitzsche@LG.com,LG
Mitchel Ebert,027-540-2322,virgilio.schulist@Mann-Steuber.com,Mann-Steuber
Mr. Jesus Muller,994.299.0038,lizbeth.west@Moore_LLC.com,Moore LLC
Casie O'Keefe,(314)481-3444,in.casper@LG.com,LG
Ms. Seema Tremblay,245.163.7462,frank.schaden@Collier_Inc.com,Collier Inc
Miss Giuseppe Kemmer,(702)455-6709,willian.damore@Moen_and_Sons.com,Moen and Sons
Burl Braun,1-638-913-8038,jaymie.bogan@Prosacco.com,Prosacco
Shelba Goyette,497.904.5567,kristine.lemke@Hilpert_LLC.com,Hilpert LLC
Carlena Monahan,(539)197-6597,donnell.lang@Crist_LLC.com,Crist LLC
Mr. Tennille Prosacco,272-288-1114,sharyl.hessel@Nikon.com,Nikon
Fanny Mills,(380)051-5706,boyce.wiza@Sony.com,Sony
Gino Kuhlman III,832.363.9814,shirley.oconner@Oberbrunner-Cassin.com,Oberbrunner-Cassin
Norberto Stoltenberg,(380)081-6105,tempie.mcglynn@Hahn.com,Hahn
Brendon Effertz DDS,1-692-104-3190,alesia.pouros@Schamberger.com,Schamberger
Norman Will III,306-526-4978,hulda.towne@Dell.com,Dell
Mr. Pierre Oberbrunner,132.365.5656,ashley.kuhlman@Jacobson_and_Sons.com,Jacobson and Sons
Ms. Shirley Leannon,740.058.7593,ben.lowe@Nikon.com,Nikon
Glynda Spinka,670-140-0744,odelia.willms@Samsung.com,Samsung
Aurelio Schulist,534-183-9515,sommer.botsford@Adidas.com,Adidas
Leann Zemlak IV,176-767-2573,matilda.smitham@Apple.com,Apple
Charity Oberbrunner,(865)215-8255,marcelene.mraz@Howell.com,Howell
Yen Krajcik,(424)372-7617,kala.kautzer@Nikon.com,Nikon
Matthew Reynolds DDS,(986)891-9607,elisha.koss@GoPro.com,GoPro
Mr. Asley Nienow,(363)413-4742,august.kertzmann@Heidenreich.com,Heidenreich
Rudolph Pouros V,148-185-7668,jose.prohaska@Beats.com,Beats
Madeleine Harvey V,356-323-1343,dean.beatty@GoPro.com,GoPro
Pauline Stiedemann,074-649-4716,beata.denesik@Russel.com,Russel
Warner Kuphal,1-190-264-5852,yvone.dooley@Dell.com,Dell
Dr. Lynwood Renner,1-760-635-7075,jasper.ullrich@Adidas.com,Adidas
Terrell Gleason DDS,280.705.6082,gerry.hansen@Adidas.com,Adidas
